<annotation>
	<folder>face datasert</folder>
	<filename>1b503ab0-ad41-4d3e-b4fe-56578e934da8.jpeg</filename>
	<path>C:\Users\Cihan\OneDrive\Masaüstü\facedetect\face datasert\1b503ab0-ad41-4d3e-b4fe-56578e934da8.jpeg</path>
	<source>
		<database>Unknown</database>
	</source>
	<size>
		<width>540</width>
		<height>642</height>
		<depth>3</depth>
	</size>
	<segmented>0</segmented>
	<object>
		<name>sad</name>
		<pose>Unspecified</pose>
		<truncated>0</truncated>
		<difficult>0</difficult>
		<bndbox>
			<xmin>125</xmin>
			<ymin>28</ymin>
			<xmax>312</xmax>
			<ymax>237</ymax>
		</bndbox>
	</object>
</annotation>
