<annotation>
	<folder>face datasert</folder>
	<filename>40 Captivating Photos That Depict Human Emotion — Smashing Magazine.jpeg</filename>
	<path>C:\Users\Cihan\OneDrive\Masaüstü\facedetect\face datasert\40 Captivating Photos That Depict Human Emotion — Smashing Magazine.jpeg</path>
	<source>
		<database>Unknown</database>
	</source>
	<size>
		<width>480</width>
		<height>720</height>
		<depth>1</depth>
	</size>
	<segmented>0</segmented>
	<object>
		<name>sad</name>
		<pose>Unspecified</pose>
		<truncated>1</truncated>
		<difficult>0</difficult>
		<bndbox>
			<xmin>1</xmin>
			<ymin>111</ymin>
			<xmax>480</xmax>
			<ymax>691</ymax>
		</bndbox>
	</object>
</annotation>
