<annotation>
	<folder>face datasert</folder>
	<filename>Leonid Afremov online art gallery.jpeg</filename>
	<path>C:\Users\Cihan\OneDrive\Masaüstü\facedetect\face datasert\Leonid Afremov online art gallery.jpeg</path>
	<source>
		<database>Unknown</database>
	</source>
	<size>
		<width>400</width>
		<height>538</height>
		<depth>1</depth>
	</size>
	<segmented>0</segmented>
	<object>
		<name>happy</name>
		<pose>Unspecified</pose>
		<truncated>0</truncated>
		<difficult>0</difficult>
		<bndbox>
			<xmin>20</xmin>
			<ymin>231</ymin>
			<xmax>168</xmax>
			<ymax>423</ymax>
		</bndbox>
	</object>
</annotation>
