<annotation>
	<folder>face datasert</folder>
	<filename>Loveable Littlies_.jpeg</filename>
	<path>C:\Users\Cihan\OneDrive\Masaüstü\facedetect\face datasert\Loveable Littlies_.jpeg</path>
	<source>
		<database>Unknown</database>
	</source>
	<size>
		<width>700</width>
		<height>1131</height>
		<depth>3</depth>
	</size>
	<segmented>0</segmented>
	<object>
		<name>happy</name>
		<pose>Unspecified</pose>
		<truncated>0</truncated>
		<difficult>0</difficult>
		<bndbox>
			<xmin>272</xmin>
			<ymin>655</ymin>
			<xmax>642</xmax>
			<ymax>1107</ymax>
		</bndbox>
	</object>
	<object>
		<name>happy</name>
		<pose>Unspecified</pose>
		<truncated>0</truncated>
		<difficult>0</difficult>
		<bndbox>
			<xmin>46</xmin>
			<ymin>39</ymin>
			<xmax>509</xmax>
			<ymax>501</ymax>
		</bndbox>
	</object>
</annotation>
