<annotation>
	<folder>face datasert</folder>
	<filename>Male Portait.jpeg</filename>
	<path>C:\Users\Cihan\OneDrive\Masaüstü\facedetect\face datasert\Male Portait.jpeg</path>
	<source>
		<database>Unknown</database>
	</source>
	<size>
		<width>333</width>
		<height>500</height>
		<depth>3</depth>
	</size>
	<segmented>0</segmented>
	<object>
		<name>neutral</name>
		<pose>Unspecified</pose>
		<truncated>0</truncated>
		<difficult>0</difficult>
		<bndbox>
			<xmin>81</xmin>
			<ymin>122</ymin>
			<xmax>254</xmax>
			<ymax>317</ymax>
		</bndbox>
	</object>
</annotation>
