<annotation>
	<folder>face datasert</folder>
	<filename>Mango Man _ Summer 2018 _ Style Guide _ Alexis Petit.jpeg</filename>
	<path>C:\Users\Cihan\OneDrive\Masaüstü\facedetect\face datasert\Mango Man _ Summer 2018 _ Style Guide _ Alexis Petit.jpeg</path>
	<source>
		<database>Unknown</database>
	</source>
	<size>
		<width>627</width>
		<height>877</height>
		<depth>3</depth>
	</size>
	<segmented>0</segmented>
	<object>
		<name>neutral</name>
		<pose>Unspecified</pose>
		<truncated>0</truncated>
		<difficult>0</difficult>
		<bndbox>
			<xmin>150</xmin>
			<ymin>274</ymin>
			<xmax>279</xmax>
			<ymax>434</ymax>
		</bndbox>
	</object>
</annotation>
