<annotation>
	<folder>face datasert</folder>
	<filename>Mango Man Spring 2020 Lookbook.jpeg</filename>
	<path>C:\Users\Cihan\OneDrive\Masaüstü\facedetect\face datasert\Mango Man Spring 2020 Lookbook.jpeg</path>
	<source>
		<database>Unknown</database>
	</source>
	<size>
		<width>795</width>
		<height>1191</height>
		<depth>3</depth>
	</size>
	<segmented>0</segmented>
	<object>
		<name>neutral</name>
		<pose>Unspecified</pose>
		<truncated>0</truncated>
		<difficult>0</difficult>
		<bndbox>
			<xmin>292</xmin>
			<ymin>267</ymin>
			<xmax>623</xmax>
			<ymax>649</ymax>
		</bndbox>
	</object>
</annotation>
