<annotation>
	<folder>face datasert</folder>
	<filename>Meet the New Girl_ Grace Bol Gets Mistaken for Alek Wek ‘All the Time’.jpeg</filename>
	<path>C:\Users\Cihan\OneDrive\Masaüstü\facedetect\face datasert\Meet the New Girl_ Grace Bol Gets Mistaken for Alek Wek ‘All the Time’.jpeg</path>
	<source>
		<database>Unknown</database>
	</source>
	<size>
		<width>500</width>
		<height>652</height>
		<depth>1</depth>
	</size>
	<segmented>0</segmented>
	<object>
		<name>happy</name>
		<pose>Unspecified</pose>
		<truncated>0</truncated>
		<difficult>0</difficult>
		<bndbox>
			<xmin>123</xmin>
			<ymin>134</ymin>
			<xmax>329</xmax>
			<ymax>427</ymax>
		</bndbox>
	</object>
</annotation>
