<annotation>
	<folder>face datasert</folder>
	<filename>Modelwerk.jpeg</filename>
	<path>C:\Users\Cihan\OneDrive\Masaüstü\facedetect\face datasert\Modelwerk.jpeg</path>
	<source>
		<database>Unknown</database>
	</source>
	<size>
		<width>650</width>
		<height>744</height>
		<depth>3</depth>
	</size>
	<segmented>0</segmented>
	<object>
		<name>neutral</name>
		<pose>Unspecified</pose>
		<truncated>0</truncated>
		<difficult>0</difficult>
		<bndbox>
			<xmin>246</xmin>
			<ymin>162</ymin>
			<xmax>401</xmax>
			<ymax>336</ymax>
		</bndbox>
	</object>
</annotation>
