<annotation>
	<folder>face datasert</folder>
	<filename>National Geographic Travel Photo Contest Winners.jpeg</filename>
	<path>C:\Users\Cihan\OneDrive\Masaüstü\facedetect\face datasert\National Geographic Travel Photo Contest Winners.jpeg</path>
	<source>
		<database>Unknown</database>
	</source>
	<size>
		<width>550</width>
		<height>827</height>
		<depth>3</depth>
	</size>
	<segmented>0</segmented>
	<object>
		<name>happy</name>
		<pose>Unspecified</pose>
		<truncated>0</truncated>
		<difficult>0</difficult>
		<bndbox>
			<xmin>120</xmin>
			<ymin>53</ymin>
			<xmax>489</xmax>
			<ymax>425</ymax>
		</bndbox>
	</object>
</annotation>
