<annotation>
	<folder>face datasert</folder>
	<filename>Neutral Lips (1).jpeg</filename>
	<path>C:\Users\Cihan\OneDrive\Masaüstü\facedetect\face datasert\Neutral Lips (1).jpeg</path>
	<source>
		<database>Unknown</database>
	</source>
	<size>
		<width>612</width>
		<height>816</height>
		<depth>3</depth>
	</size>
	<segmented>0</segmented>
	<object>
		<name>neutral</name>
		<pose>Unspecified</pose>
		<truncated>0</truncated>
		<difficult>0</difficult>
		<bndbox>
			<xmin>110</xmin>
			<ymin>261</ymin>
			<xmax>432</xmax>
			<ymax>631</ymax>
		</bndbox>
	</object>
</annotation>
