<annotation>
	<folder>face datasert</folder>
	<filename>43 Of The Happiest Little Kids In The Whole Wide World.jpeg</filename>
	<path>C:\Users\Cihan\OneDrive\Masaüstü\facedetect\face datasert\43 Of The Happiest Little Kids In The Whole Wide World.jpeg</path>
	<source>
		<database>Unknown</database>
	</source>
	<size>
		<width>650</width>
		<height>776</height>
		<depth>3</depth>
	</size>
	<segmented>0</segmented>
	<object>
		<name>happy</name>
		<pose>Unspecified</pose>
		<truncated>0</truncated>
		<difficult>0</difficult>
		<bndbox>
			<xmin>70</xmin>
			<ymin>169</ymin>
			<xmax>548</xmax>
			<ymax>692</ymax>
		</bndbox>
	</object>
</annotation>
