<annotation>
	<folder>face datasert</folder>
	<filename>Nicholas Warr - Musician (revisited).jpeg</filename>
	<path>C:\Users\Cihan\OneDrive\Masaüstü\facedetect\face datasert\Nicholas Warr - Musician (revisited).jpeg</path>
	<source>
		<database>Unknown</database>
	</source>
	<size>
		<width>533</width>
		<height>800</height>
		<depth>3</depth>
	</size>
	<segmented>0</segmented>
	<object>
		<name>neutral</name>
		<pose>Unspecified</pose>
		<truncated>0</truncated>
		<difficult>0</difficult>
		<bndbox>
			<xmin>159</xmin>
			<ymin>213</ymin>
			<xmax>437</xmax>
			<ymax>558</ymax>
		</bndbox>
	</object>
</annotation>
