<annotation>
	<folder>face datasert</folder>
	<filename>O baby! Be still my heart!.jpeg</filename>
	<path>C:\Users\Cihan\OneDrive\Masaüstü\facedetect\face datasert\O baby! Be still my heart!.jpeg</path>
	<source>
		<database>Unknown</database>
	</source>
	<size>
		<width>720</width>
		<height>960</height>
		<depth>3</depth>
	</size>
	<segmented>0</segmented>
	<object>
		<name>sad</name>
		<pose>Unspecified</pose>
		<truncated>0</truncated>
		<difficult>0</difficult>
		<bndbox>
			<xmin>292</xmin>
			<ymin>210</ymin>
			<xmax>523</xmax>
			<ymax>492</ymax>
		</bndbox>
	</object>
</annotation>
