<annotation>
	<folder>face datasert</folder>
	<filename>Oh Baby!.jpeg</filename>
	<path>C:\Users\Cihan\OneDrive\Masaüstü\facedetect\face datasert\Oh Baby!.jpeg</path>
	<source>
		<database>Unknown</database>
	</source>
	<size>
		<width>317</width>
		<height>400</height>
		<depth>3</depth>
	</size>
	<segmented>0</segmented>
	<object>
		<name>sad</name>
		<pose>Unspecified</pose>
		<truncated>0</truncated>
		<difficult>0</difficult>
		<bndbox>
			<xmin>81</xmin>
			<ymin>127</ymin>
			<xmax>254</xmax>
			<ymax>271</ymax>
		</bndbox>
	</object>
</annotation>
