<annotation>
	<folder>face datasert</folder>
	<filename>Old Woman Costume Characters.jpeg</filename>
	<path>C:\Users\Cihan\OneDrive\Masaüstü\facedetect\face datasert\Old Woman Costume Characters.jpeg</path>
	<source>
		<database>Unknown</database>
	</source>
	<size>
		<width>240</width>
		<height>360</height>
		<depth>3</depth>
	</size>
	<segmented>0</segmented>
	<object>
		<name>happy</name>
		<pose>Unspecified</pose>
		<truncated>0</truncated>
		<difficult>0</difficult>
		<bndbox>
			<xmin>96</xmin>
			<ymin>130</ymin>
			<xmax>188</xmax>
			<ymax>251</ymax>
		</bndbox>
	</object>
</annotation>
