<annotation>
	<folder>face datasert</folder>
	<filename>Olhares e Sorrisos!.jpeg</filename>
	<path>C:\Users\Cihan\OneDrive\Masaüstü\facedetect\face datasert\Olhares e Sorrisos!.jpeg</path>
	<source>
		<database>Unknown</database>
	</source>
	<size>
		<width>825</width>
		<height>1237</height>
		<depth>3</depth>
	</size>
	<segmented>0</segmented>
	<object>
		<name>happy</name>
		<pose>Unspecified</pose>
		<truncated>0</truncated>
		<difficult>0</difficult>
		<bndbox>
			<xmin>366</xmin>
			<ymin>456</ymin>
			<xmax>573</xmax>
			<ymax>683</ymax>
		</bndbox>
	</object>
	<object>
		<name>happy</name>
		<pose>Unspecified</pose>
		<truncated>0</truncated>
		<difficult>0</difficult>
		<bndbox>
			<xmin>139</xmin>
			<ymin>471</ymin>
			<xmax>338</xmax>
			<ymax>703</ymax>
		</bndbox>
	</object>
</annotation>
