<annotation>
	<folder>face datasert</folder>
	<filename>Olivia Ciarfella _ Maggie Agency.jpeg</filename>
	<path>C:\Users\Cihan\OneDrive\Masaüstü\facedetect\face datasert\Olivia Ciarfella _ Maggie Agency.jpeg</path>
	<source>
		<database>Unknown</database>
	</source>
	<size>
		<width>634</width>
		<height>950</height>
		<depth>1</depth>
	</size>
	<segmented>0</segmented>
	<object>
		<name>neutral</name>
		<pose>Unspecified</pose>
		<truncated>0</truncated>
		<difficult>0</difficult>
		<bndbox>
			<xmin>182</xmin>
			<ymin>342</ymin>
			<xmax>448</xmax>
			<ymax>658</ymax>
		</bndbox>
	</object>
</annotation>
