<annotation>
	<folder>face datasert</folder>
	<filename>Pepper.png</filename>
	<path>C:\Users\Cihan\OneDrive\Masaüstü\facedetect\face datasert\Pepper.png</path>
	<source>
		<database>Unknown</database>
	</source>
	<size>
		<width>350</width>
		<height>500</height>
		<depth>3</depth>
	</size>
	<segmented>0</segmented>
	<object>
		<name>neutral</name>
		<pose>Unspecified</pose>
		<truncated>0</truncated>
		<difficult>0</difficult>
		<bndbox>
			<xmin>92</xmin>
			<ymin>117</ymin>
			<xmax>228</xmax>
			<ymax>273</ymax>
		</bndbox>
	</object>
</annotation>
