<annotation>
	<folder>face datasert</folder>
	<filename>pexels-adrienne-andersen-2552127.jpg</filename>
	<path>C:\Users\Cihan\OneDrive\Masaüstü\facedetect\face datasert\pexels-adrienne-andersen-2552127.jpg</path>
	<source>
		<database>Unknown</database>
	</source>
	<size>
		<width>3720</width>
		<height>5504</height>
		<depth>3</depth>
	</size>
	<segmented>0</segmented>
	<object>
		<name>happy</name>
		<pose>Unspecified</pose>
		<truncated>0</truncated>
		<difficult>0</difficult>
		<bndbox>
			<xmin>1327</xmin>
			<ymin>1749</ymin>
			<xmax>2936</xmax>
			<ymax>3801</ymax>
		</bndbox>
	</object>
</annotation>
