<annotation>
	<folder>face datasert</folder>
	<filename>pexels-alexander-krivitskiy-1018425.jpg</filename>
	<path>C:\Users\Cihan\OneDrive\Masaüstü\facedetect\face datasert\pexels-alexander-krivitskiy-1018425.jpg</path>
	<source>
		<database>Unknown</database>
	</source>
	<size>
		<width>3264</width>
		<height>2448</height>
		<depth>3</depth>
	</size>
	<segmented>0</segmented>
	<object>
		<name>happy</name>
		<pose>Unspecified</pose>
		<truncated>0</truncated>
		<difficult>0</difficult>
		<bndbox>
			<xmin>985</xmin>
			<ymin>223</ymin>
			<xmax>2158</xmax>
			<ymax>1559</ymax>
		</bndbox>
	</object>
</annotation>
