<annotation>
	<folder>face datasert</folder>
	<filename>47c05fa9-08dc-4332-bac4-ed27bebcd29c.jpeg</filename>
	<path>C:\Users\Cihan\OneDrive\Masaüstü\facedetect\face datasert\47c05fa9-08dc-4332-bac4-ed27bebcd29c.jpeg</path>
	<source>
		<database>Unknown</database>
	</source>
	<size>
		<width>253</width>
		<height>299</height>
		<depth>3</depth>
	</size>
	<segmented>0</segmented>
	<object>
		<name>angry</name>
		<pose>Unspecified</pose>
		<truncated>0</truncated>
		<difficult>0</difficult>
		<bndbox>
			<xmin>51</xmin>
			<ymin>90</ymin>
			<xmax>198</xmax>
			<ymax>248</ymax>
		</bndbox>
	</object>
</annotation>
