<annotation>
	<folder>face datasert</folder>
	<filename>pexels-andrea-piacquadio-761993.jpg</filename>
	<path>C:\Users\Cihan\OneDrive\Masaüstü\facedetect\face datasert\pexels-andrea-piacquadio-761993.jpg</path>
	<source>
		<database>Unknown</database>
	</source>
	<size>
		<width>3825</width>
		<height>5485</height>
		<depth>3</depth>
	</size>
	<segmented>0</segmented>
	<object>
		<name>happy</name>
		<pose>Unspecified</pose>
		<truncated>0</truncated>
		<difficult>0</difficult>
		<bndbox>
			<xmin>1249</xmin>
			<ymin>2531</ymin>
			<xmax>1953</xmax>
			<ymax>3101</ymax>
		</bndbox>
	</object>
</annotation>
