<annotation>
	<folder>face datasert</folder>
	<filename>pexels-andrea-piacquadio-774866.jpg</filename>
	<path>C:\Users\Cihan\OneDrive\Masaüstü\facedetect\face datasert\pexels-andrea-piacquadio-774866.jpg</path>
	<source>
		<database>Unknown</database>
	</source>
	<size>
		<width>5760</width>
		<height>3840</height>
		<depth>3</depth>
	</size>
	<segmented>0</segmented>
	<object>
		<name>happy</name>
		<pose>Unspecified</pose>
		<truncated>0</truncated>
		<difficult>0</difficult>
		<bndbox>
			<xmin>2248</xmin>
			<ymin>1567</ymin>
			<xmax>2754</xmax>
			<ymax>2246</ymax>
		</bndbox>
	</object>
</annotation>
