<annotation>
	<folder>face datasert</folder>
	<filename>pexels-andrea-piacquadio-774909.jpg</filename>
	<path>C:\Users\Cihan\OneDrive\Masaüstü\facedetect\face datasert\pexels-andrea-piacquadio-774909.jpg</path>
	<source>
		<database>Unknown</database>
	</source>
	<size>
		<width>3840</width>
		<height>5760</height>
		<depth>3</depth>
	</size>
	<segmented>0</segmented>
	<object>
		<name>happy</name>
		<pose>Unspecified</pose>
		<truncated>0</truncated>
		<difficult>0</difficult>
		<bndbox>
			<xmin>1149</xmin>
			<ymin>2005</ymin>
			<xmax>2308</xmax>
			<ymax>3282</ymax>
		</bndbox>
	</object>
</annotation>
