<annotation>
	<folder>face datasert</folder>
	<filename>pexels-andrea-piacquadio-3777568.jpg</filename>
	<path>C:\Users\Cihan\OneDrive\Masaüstü\facedetect\face datasert\pexels-andrea-piacquadio-3777568.jpg</path>
	<source>
		<database>Unknown</database>
	</source>
	<size>
		<width>6000</width>
		<height>4000</height>
		<depth>3</depth>
	</size>
	<segmented>0</segmented>
	<object>
		<name>angry</name>
		<pose>Unspecified</pose>
		<truncated>0</truncated>
		<difficult>0</difficult>
		<bndbox>
			<xmin>2457</xmin>
			<ymin>748</ymin>
			<xmax>3226</xmax>
			<ymax>1720</ymax>
		</bndbox>
	</object>
</annotation>
