<annotation>
	<folder>face datasert</folder>
	<filename>pexels-andrea-piacquadio-3812721.jpg</filename>
	<path>C:\Users\Cihan\OneDrive\Masaüstü\facedetect\face datasert\pexels-andrea-piacquadio-3812721.jpg</path>
	<source>
		<database>Unknown</database>
	</source>
	<size>
		<width>8192</width>
		<height>5461</height>
		<depth>3</depth>
	</size>
	<segmented>0</segmented>
	<object>
		<name>angry</name>
		<pose>Unspecified</pose>
		<truncated>0</truncated>
		<difficult>0</difficult>
		<bndbox>
			<xmin>3363</xmin>
			<ymin>1584</ymin>
			<xmax>4363</xmax>
			<ymax>2745</ymax>
		</bndbox>
	</object>
</annotation>
