<annotation>
	<folder>face datasert</folder>
	<filename>pexels-crypto-crow-1447424.jpg</filename>
	<path>C:\Users\Cihan\OneDrive\Masaüstü\facedetect\face datasert\pexels-crypto-crow-1447424.jpg</path>
	<source>
		<database>Unknown</database>
	</source>
	<size>
		<width>3577</width>
		<height>5366</height>
		<depth>3</depth>
	</size>
	<segmented>0</segmented>
	<object>
		<name>angry</name>
		<pose>Unspecified</pose>
		<truncated>0</truncated>
		<difficult>0</difficult>
		<bndbox>
			<xmin>1542</xmin>
			<ymin>976</ymin>
			<xmax>2051</xmax>
			<ymax>1536</ymax>
		</bndbox>
	</object>
</annotation>
