<annotation>
	<folder>face datasert</folder>
	<filename>pexels-daniel-xavier-1212984.jpg</filename>
	<path>C:\Users\Cihan\OneDrive\Masaüstü\facedetect\face datasert\pexels-daniel-xavier-1212984.jpg</path>
	<source>
		<database>Unknown</database>
	</source>
	<size>
		<width>5752</width>
		<height>3835</height>
		<depth>3</depth>
	</size>
	<segmented>0</segmented>
	<object>
		<name>happy</name>
		<pose>Unspecified</pose>
		<truncated>0</truncated>
		<difficult>0</difficult>
		<bndbox>
			<xmin>2477</xmin>
			<ymin>709</ymin>
			<xmax>3296</xmax>
			<ymax>1882</ymax>
		</bndbox>
	</object>
</annotation>
