<annotation>
	<folder>face datasert</folder>
	<filename>pexels-italo-melo-2379004.jpg</filename>
	<path>C:\Users\Cihan\OneDrive\Masaüstü\facedetect\face datasert\pexels-italo-melo-2379004.jpg</path>
	<source>
		<database>Unknown</database>
	</source>
	<size>
		<width>1987</width>
		<height>3000</height>
		<depth>3</depth>
	</size>
	<segmented>0</segmented>
	<object>
		<name>happy</name>
		<pose>Unspecified</pose>
		<truncated>0</truncated>
		<difficult>0</difficult>
		<bndbox>
			<xmin>744</xmin>
			<ymin>889</ymin>
			<xmax>1228</xmax>
			<ymax>1422</ymax>
		</bndbox>
	</object>
</annotation>
