<annotation>
	<folder>face datasert</folder>
	<filename>pexels-jorge-fakhouri-filho-2701660.jpg</filename>
	<path>C:\Users\Cihan\OneDrive\Masaüstü\facedetect\face datasert\pexels-jorge-fakhouri-filho-2701660.jpg</path>
	<source>
		<database>Unknown</database>
	</source>
	<size>
		<width>3648</width>
		<height>5472</height>
		<depth>3</depth>
	</size>
	<segmented>0</segmented>
	<object>
		<name>happy</name>
		<pose>Unspecified</pose>
		<truncated>0</truncated>
		<difficult>0</difficult>
		<bndbox>
			<xmin>1630</xmin>
			<ymin>2159</ymin>
			<xmax>2169</xmax>
			<ymax>2759</ymax>
		</bndbox>
	</object>
</annotation>
