<annotation>
	<folder>face datasert</folder>
	<filename>99fc0ee5-160e-47f1-9681-62e2972f9d60.jpeg</filename>
	<path>C:\Users\Cihan\OneDrive\Masaüstü\facedetect\face datasert\99fc0ee5-160e-47f1-9681-62e2972f9d60.jpeg</path>
	<source>
		<database>Unknown</database>
	</source>
	<size>
		<width>615</width>
		<height>800</height>
		<depth>3</depth>
	</size>
	<segmented>0</segmented>
	<object>
		<name>sad</name>
		<pose>Unspecified</pose>
		<truncated>0</truncated>
		<difficult>0</difficult>
		<bndbox>
			<xmin>143</xmin>
			<ymin>184</ymin>
			<xmax>490</xmax>
			<ymax>598</ymax>
		</bndbox>
	</object>
</annotation>
