<annotation>
	<folder>face datasert</folder>
	<filename>pexels-nappy-1068205.jpg</filename>
	<path>C:\Users\Cihan\OneDrive\Masaüstü\facedetect\face datasert\pexels-nappy-1068205.jpg</path>
	<source>
		<database>Unknown</database>
	</source>
	<size>
		<width>1049</width>
		<height>1399</height>
		<depth>3</depth>
	</size>
	<segmented>0</segmented>
	<object>
		<name>happy</name>
		<pose>Unspecified</pose>
		<truncated>0</truncated>
		<difficult>0</difficult>
		<bndbox>
			<xmin>235</xmin>
			<ymin>562</ymin>
			<xmax>585</xmax>
			<ymax>894</ymax>
		</bndbox>
	</object>
</annotation>
