<annotation>
	<folder>face datasert</folder>
	<filename>pexels-pixabay-47080.jpg</filename>
	<path>C:\Users\Cihan\OneDrive\Masaüstü\facedetect\face datasert\pexels-pixabay-47080.jpg</path>
	<source>
		<database>Unknown</database>
	</source>
	<size>
		<width>5184</width>
		<height>3456</height>
		<depth>1</depth>
	</size>
	<segmented>0</segmented>
	<object>
		<name>angry</name>
		<pose>Unspecified</pose>
		<truncated>1</truncated>
		<difficult>0</difficult>
		<bndbox>
			<xmin>685</xmin>
			<ymin>483</ymin>
			<xmax>3631</xmax>
			<ymax>3456</ymax>
		</bndbox>
	</object>
</annotation>
