<annotation>
	<folder>face datasert</folder>
	<filename>pexels-sound-on-3760745.jpg</filename>
	<path>C:\Users\Cihan\OneDrive\Masaüstü\facedetect\face datasert\pexels-sound-on-3760745.jpg</path>
	<source>
		<database>Unknown</database>
	</source>
	<size>
		<width>4912</width>
		<height>7360</height>
		<depth>3</depth>
	</size>
	<segmented>0</segmented>
	<object>
		<name>happy</name>
		<pose>Unspecified</pose>
		<truncated>0</truncated>
		<difficult>0</difficult>
		<bndbox>
			<xmin>1682</xmin>
			<ymin>3747</ymin>
			<xmax>2917</xmax>
			<ymax>5059</ymax>
		</bndbox>
	</object>
</annotation>
