<annotation>
	<folder>face datasert</folder>
	<filename>pexels-spencer-selover-775358.jpg</filename>
	<path>C:\Users\Cihan\OneDrive\Masaüstü\facedetect\face datasert\pexels-spencer-selover-775358.jpg</path>
	<source>
		<database>Unknown</database>
	</source>
	<size>
		<width>2008</width>
		<height>3008</height>
		<depth>3</depth>
	</size>
	<segmented>0</segmented>
	<object>
		<name>happy</name>
		<pose>Unspecified</pose>
		<truncated>0</truncated>
		<difficult>0</difficult>
		<bndbox>
			<xmin>845</xmin>
			<ymin>774</ymin>
			<xmax>1116</xmax>
			<ymax>1055</ymax>
		</bndbox>
	</object>
</annotation>
