<annotation>
	<folder>face datasert</folder>
	<filename>pexels-tarzine-jackson-773371.jpg</filename>
	<path>C:\Users\Cihan\OneDrive\Masaüstü\facedetect\face datasert\pexels-tarzine-jackson-773371.jpg</path>
	<source>
		<database>Unknown</database>
	</source>
	<size>
		<width>6000</width>
		<height>4000</height>
		<depth>3</depth>
	</size>
	<segmented>0</segmented>
	<object>
		<name>happy</name>
		<pose>Unspecified</pose>
		<truncated>0</truncated>
		<difficult>0</difficult>
		<bndbox>
			<xmin>2279</xmin>
			<ymin>1373</ymin>
			<xmax>3463</xmax>
			<ymax>2792</ymax>
		</bndbox>
	</object>
</annotation>
