<annotation>
	<folder>face datasert</folder>
	<filename>pexels-tubarones-photography-2764976.jpg</filename>
	<path>C:\Users\Cihan\OneDrive\Masaüstü\facedetect\face datasert\pexels-tubarones-photography-2764976.jpg</path>
	<source>
		<database>Unknown</database>
	</source>
	<size>
		<width>3456</width>
		<height>5184</height>
		<depth>3</depth>
	</size>
	<segmented>0</segmented>
	<object>
		<name>happy</name>
		<pose>Unspecified</pose>
		<truncated>0</truncated>
		<difficult>0</difficult>
		<bndbox>
			<xmin>1171</xmin>
			<ymin>1573</ymin>
			<xmax>2367</xmax>
			<ymax>2990</ymax>
		</bndbox>
	</object>
</annotation>
