<annotation>
	<folder>face datasert</folder>
	<filename>pexels-vinicius-wiesehofer-1130624.jpg</filename>
	<path>C:\Users\Cihan\OneDrive\Masaüstü\facedetect\face datasert\pexels-vinicius-wiesehofer-1130624.jpg</path>
	<source>
		<database>Unknown</database>
	</source>
	<size>
		<width>4715</width>
		<height>2797</height>
		<depth>3</depth>
	</size>
	<segmented>0</segmented>
	<object>
		<name>happy</name>
		<pose>Unspecified</pose>
		<truncated>0</truncated>
		<difficult>0</difficult>
		<bndbox>
			<xmin>1618</xmin>
			<ymin>573</ymin>
			<xmax>2187</xmax>
			<ymax>1302</ymax>
		</bndbox>
	</object>
</annotation>
