<annotation>
	<folder>face datasert</folder>
	<filename>pexels-vitória-santos-1882309.jpg</filename>
	<path>C:\Users\Cihan\OneDrive\Masaüstü\facedetect\face datasert\pexels-vitória-santos-1882309.jpg</path>
	<source>
		<database>Unknown</database>
	</source>
	<size>
		<width>3456</width>
		<height>5185</height>
		<depth>3</depth>
	</size>
	<segmented>0</segmented>
	<object>
		<name>happy</name>
		<pose>Unspecified</pose>
		<truncated>0</truncated>
		<difficult>0</difficult>
		<bndbox>
			<xmin>551</xmin>
			<ymin>2073</ymin>
			<xmax>2046</xmax>
			<ymax>3932</ymax>
		</bndbox>
	</object>
</annotation>
