<annotation>
	<folder>face datasert</folder>
	<filename>349d9be9-9e89-450c-a267-0e9f18d3b184.png</filename>
	<path>C:\Users\Cihan\OneDrive\Masaüstü\facedetect\face datasert\349d9be9-9e89-450c-a267-0e9f18d3b184.png</path>
	<source>
		<database>Unknown</database>
	</source>
	<size>
		<width>1170</width>
		<height>2532</height>
		<depth>3</depth>
	</size>
	<segmented>0</segmented>
	<object>
		<name>neutral</name>
		<pose>Unspecified</pose>
		<truncated>0</truncated>
		<difficult>0</difficult>
		<bndbox>
			<xmin>148</xmin>
			<ymin>691</ymin>
			<xmax>1038</xmax>
			<ymax>1619</ymax>
		</bndbox>
	</object>
</annotation>
