<annotation>
	<folder>face datasert</folder>
	<filename>pexels-wilson-vitorino-2167673.jpg</filename>
	<path>C:\Users\Cihan\OneDrive\Masaüstü\facedetect\face datasert\pexels-wilson-vitorino-2167673.jpg</path>
	<source>
		<database>Unknown</database>
	</source>
	<size>
		<width>2304</width>
		<height>3456</height>
		<depth>3</depth>
	</size>
	<segmented>0</segmented>
	<object>
		<name>happy</name>
		<pose>Unspecified</pose>
		<truncated>0</truncated>
		<difficult>0</difficult>
		<bndbox>
			<xmin>975</xmin>
			<ymin>929</ymin>
			<xmax>1745</xmax>
			<ymax>2167</ymax>
		</bndbox>
	</object>
</annotation>
