<annotation>
	<folder>face datasert</folder>
	<filename>Pinterest Photoshoot, black and white Photoshoot, self love photos, Pinterest outfit, Pinterest girl.jpeg</filename>
	<path>C:\Users\Cihan\OneDrive\Masaüstü\facedetect\face datasert\Pinterest Photoshoot, black and white Photoshoot, self love photos, Pinterest outfit, Pinterest girl.jpeg</path>
	<source>
		<database>Unknown</database>
	</source>
	<size>
		<width>1080</width>
		<height>1920</height>
		<depth>3</depth>
	</size>
	<segmented>0</segmented>
	<object>
		<name>neutral</name>
		<pose>Unspecified</pose>
		<truncated>0</truncated>
		<difficult>0</difficult>
		<bndbox>
			<xmin>74</xmin>
			<ymin>556</ymin>
			<xmax>333</xmax>
			<ymax>1109</ymax>
		</bndbox>
	</object>
</annotation>
