<annotation>
	<folder>face datasert</folder>
	<filename>Portraits - Bart Heynen.png</filename>
	<path>C:\Users\Cihan\OneDrive\Masaüstü\facedetect\face datasert\Portraits - Bart Heynen.png</path>
	<source>
		<database>Unknown</database>
	</source>
	<size>
		<width>1000</width>
		<height>1333</height>
		<depth>3</depth>
	</size>
	<segmented>0</segmented>
	<object>
		<name>sad</name>
		<pose>Unspecified</pose>
		<truncated>0</truncated>
		<difficult>0</difficult>
		<bndbox>
			<xmin>320</xmin>
			<ymin>434</ymin>
			<xmax>828</xmax>
			<ymax>1083</ymax>
		</bndbox>
	</object>
</annotation>
