<annotation>
	<folder>face datasert</folder>
	<filename>Russell Crowe Photo_ Russell Crowe.jpeg</filename>
	<path>C:\Users\Cihan\OneDrive\Masaüstü\facedetect\face datasert\Russell Crowe Photo_ Russell Crowe.jpeg</path>
	<source>
		<database>Unknown</database>
	</source>
	<size>
		<width>345</width>
		<height>500</height>
		<depth>3</depth>
	</size>
	<segmented>0</segmented>
	<object>
		<name>neutral</name>
		<pose>Unspecified</pose>
		<truncated>0</truncated>
		<difficult>0</difficult>
		<bndbox>
			<xmin>58</xmin>
			<ymin>161</ymin>
			<xmax>245</xmax>
			<ymax>369</ymax>
		</bndbox>
	</object>
</annotation>
