<annotation>
	<folder>face datasert</folder>
	<filename>717c788a-1d5a-4d25-8e83-77bcd8d89f26.jpeg</filename>
	<path>C:\Users\Cihan\OneDrive\Masaüstü\facedetect\face datasert\717c788a-1d5a-4d25-8e83-77bcd8d89f26.jpeg</path>
	<source>
		<database>Unknown</database>
	</source>
	<size>
		<width>620</width>
		<height>827</height>
		<depth>3</depth>
	</size>
	<segmented>0</segmented>
	<object>
		<name>angry</name>
		<pose>Unspecified</pose>
		<truncated>0</truncated>
		<difficult>0</difficult>
		<bndbox>
			<xmin>132</xmin>
			<ymin>288</ymin>
			<xmax>423</xmax>
			<ymax>558</ymax>
		</bndbox>
	</object>
</annotation>
