<annotation>
	<folder>face datasert</folder>
	<filename>954ca239-ac31-4615-a00c-e3139ff05127.jpeg</filename>
	<path>C:\Users\Cihan\OneDrive\Masaüstü\facedetect\face datasert\954ca239-ac31-4615-a00c-e3139ff05127.jpeg</path>
	<source>
		<database>Unknown</database>
	</source>
	<size>
		<width>2504</width>
		<height>3336</height>
		<depth>3</depth>
	</size>
	<segmented>0</segmented>
	<object>
		<name>neutral</name>
		<pose>Unspecified</pose>
		<truncated>0</truncated>
		<difficult>0</difficult>
		<bndbox>
			<xmin>921</xmin>
			<ymin>911</ymin>
			<xmax>1884</xmax>
			<ymax>2097</ymax>
		</bndbox>
	</object>
</annotation>
