<annotation>
	<folder>face datasert</folder>
	<filename>1015ede3-f662-4b98-a4c7-f9080412330b.jpeg</filename>
	<path>C:\Users\Cihan\OneDrive\Masaüstü\facedetect\face datasert\1015ede3-f662-4b98-a4c7-f9080412330b.jpeg</path>
	<source>
		<database>Unknown</database>
	</source>
	<size>
		<width>401</width>
		<height>480</height>
		<depth>3</depth>
	</size>
	<segmented>0</segmented>
	<object>
		<name>sad</name>
		<pose>Unspecified</pose>
		<truncated>0</truncated>
		<difficult>0</difficult>
		<bndbox>
			<xmin>61</xmin>
			<ymin>137</ymin>
			<xmax>309</xmax>
			<ymax>239</ymax>
		</bndbox>
	</object>
</annotation>
