<annotation>
	<folder>face datasert</folder>
	<filename>1458cd9d-d567-46a5-b641-5848d59cd88b.jpeg</filename>
	<path>C:\Users\Cihan\OneDrive\Masaüstü\facedetect\face datasert\1458cd9d-d567-46a5-b641-5848d59cd88b.jpeg</path>
	<source>
		<database>Unknown</database>
	</source>
	<size>
		<width>1785</width>
		<height>2676</height>
		<depth>3</depth>
	</size>
	<segmented>0</segmented>
	<object>
		<name>angry</name>
		<pose>Unspecified</pose>
		<truncated>0</truncated>
		<difficult>0</difficult>
		<bndbox>
			<xmin>502</xmin>
			<ymin>654</ymin>
			<xmax>1091</xmax>
			<ymax>1175</ymax>
		</bndbox>
	</object>
</annotation>
