<annotation>
	<folder>face datasert</folder>
	<filename>3312a3f9-b801-49ce-bb29-76ccd57f1cf1.jpeg</filename>
	<path>C:\Users\Cihan\OneDrive\Masaüstü\facedetect\face datasert\3312a3f9-b801-49ce-bb29-76ccd57f1cf1.jpeg</path>
	<source>
		<database>Unknown</database>
	</source>
	<size>
		<width>780</width>
		<height>1024</height>
		<depth>3</depth>
	</size>
	<segmented>0</segmented>
	<object>
		<name>happy</name>
		<pose>Unspecified</pose>
		<truncated>0</truncated>
		<difficult>0</difficult>
		<bndbox>
			<xmin>295</xmin>
			<ymin>269</ymin>
			<xmax>595</xmax>
			<ymax>562</ymax>
		</bndbox>
	</object>
</annotation>
