<annotation>
	<folder>face datasert</folder>
	<filename>6bdcf750-6359-4bd5-8dba-e69a325bdf11.jpeg</filename>
	<path>C:\Users\Cihan\OneDrive\Masaüstü\facedetect\face datasert\6bdcf750-6359-4bd5-8dba-e69a325bdf11.jpeg</path>
	<source>
		<database>Unknown</database>
	</source>
	<size>
		<width>460</width>
		<height>460</height>
		<depth>3</depth>
	</size>
	<segmented>0</segmented>
	<object>
		<name>sad</name>
		<pose>Unspecified</pose>
		<truncated>0</truncated>
		<difficult>0</difficult>
		<bndbox>
			<xmin>123</xmin>
			<ymin>153</ymin>
			<xmax>322</xmax>
			<ymax>381</ymax>
		</bndbox>
	</object>
</annotation>
