<annotation>
	<folder>face datasert</folder>
	<filename>33841ffe-1dc4-4c99-acb3-39e6b660a195.jpeg</filename>
	<path>C:\Users\Cihan\OneDrive\Masaüstü\facedetect\face datasert\33841ffe-1dc4-4c99-acb3-39e6b660a195.jpeg</path>
	<source>
		<database>Unknown</database>
	</source>
	<size>
		<width>515</width>
		<height>768</height>
		<depth>3</depth>
	</size>
	<segmented>0</segmented>
	<object>
		<name>happy</name>
		<pose>Unspecified</pose>
		<truncated>0</truncated>
		<difficult>0</difficult>
		<bndbox>
			<xmin>405</xmin>
			<ymin>306</ymin>
			<xmax>496</xmax>
			<ymax>395</ymax>
		</bndbox>
	</object>
	<object>
		<name>happy</name>
		<pose>Unspecified</pose>
		<truncated>0</truncated>
		<difficult>0</difficult>
		<bndbox>
			<xmin>95</xmin>
			<ymin>480</ymin>
			<xmax>198</xmax>
			<ymax>593</ymax>
		</bndbox>
	</object>
	<object>
		<name>happy</name>
		<pose>Unspecified</pose>
		<truncated>0</truncated>
		<difficult>0</difficult>
		<bndbox>
			<xmin>173</xmin>
			<ymin>320</ymin>
			<xmax>244</xmax>
			<ymax>394</ymax>
		</bndbox>
	</object>
	<object>
		<name>happy</name>
		<pose>Unspecified</pose>
		<truncated>0</truncated>
		<difficult>0</difficult>
		<bndbox>
			<xmin>278</xmin>
			<ymin>143</ymin>
			<xmax>342</xmax>
			<ymax>201</ymax>
		</bndbox>
	</object>
	<object>
		<name>happy</name>
		<pose>Unspecified</pose>
		<truncated>0</truncated>
		<difficult>0</difficult>
		<bndbox>
			<xmin>60</xmin>
			<ymin>69</ymin>
			<xmax>111</xmax>
			<ymax>142</ymax>
		</bndbox>
	</object>
</annotation>
