<annotation>
	<folder>face datasert</folder>
	<filename>310050c9-ce95-4379-98b7-f971291332f4.jpeg</filename>
	<path>C:\Users\Cihan\OneDrive\Masaüstü\facedetect\face datasert\310050c9-ce95-4379-98b7-f971291332f4.jpeg</path>
	<source>
		<database>Unknown</database>
	</source>
	<size>
		<width>564</width>
		<height>846</height>
		<depth>3</depth>
	</size>
	<segmented>0</segmented>
	<object>
		<name>neutral</name>
		<pose>Unspecified</pose>
		<truncated>0</truncated>
		<difficult>0</difficult>
		<bndbox>
			<xmin>93</xmin>
			<ymin>238</ymin>
			<xmax>477</xmax>
			<ymax>637</ymax>
		</bndbox>
	</object>
</annotation>
