<annotation>
	<folder>face datasert</folder>
	<filename>522265f8-b58b-47d2-b486-772c41781a94.jpeg</filename>
	<path>C:\Users\Cihan\OneDrive\Masaüstü\facedetect\face datasert\522265f8-b58b-47d2-b486-772c41781a94.jpeg</path>
	<source>
		<database>Unknown</database>
	</source>
	<size>
		<width>564</width>
		<height>846</height>
		<depth>3</depth>
	</size>
	<segmented>0</segmented>
	<object>
		<name>neutral</name>
		<pose>Unspecified</pose>
		<truncated>0</truncated>
		<difficult>0</difficult>
		<bndbox>
			<xmin>168</xmin>
			<ymin>181</ymin>
			<xmax>396</xmax>
			<ymax>427</ymax>
		</bndbox>
	</object>
</annotation>
