<annotation>
	<folder>face datasert</folder>
	<filename>922576dd-b19b-4a74-a651-243c6722d6c6.jpeg</filename>
	<path>C:\Users\Cihan\OneDrive\Masaüstü\facedetect\face datasert\922576dd-b19b-4a74-a651-243c6722d6c6.jpeg</path>
	<source>
		<database>Unknown</database>
	</source>
	<size>
		<width>512</width>
		<height>768</height>
		<depth>3</depth>
	</size>
	<segmented>0</segmented>
	<object>
		<name>happy</name>
		<pose>Unspecified</pose>
		<truncated>0</truncated>
		<difficult>0</difficult>
		<bndbox>
			<xmin>176</xmin>
			<ymin>275</ymin>
			<xmax>296</xmax>
			<ymax>434</ymax>
		</bndbox>
	</object>
</annotation>
