<annotation>
	<folder>face datasert</folder>
	<filename>982273b2-7b72-4b0f-9072-b1b110691ff0.jpeg</filename>
	<path>C:\Users\Cihan\OneDrive\Masaüstü\facedetect\face datasert\982273b2-7b72-4b0f-9072-b1b110691ff0.jpeg</path>
	<source>
		<database>Unknown</database>
	</source>
	<size>
		<width>1080</width>
		<height>1920</height>
		<depth>3</depth>
	</size>
	<segmented>0</segmented>
	<object>
		<name>angry</name>
		<pose>Unspecified</pose>
		<truncated>0</truncated>
		<difficult>0</difficult>
		<bndbox>
			<xmin>116</xmin>
			<ymin>497</ymin>
			<xmax>1001</xmax>
			<ymax>1544</ymax>
		</bndbox>
	</object>
</annotation>
