<annotation>
	<folder>face datasert</folder>
	<filename>a50a14de-95ad-4289-9f28-15b81c6df4ab.jpeg</filename>
	<path>C:\Users\Cihan\OneDrive\Masaüstü\facedetect\face datasert\a50a14de-95ad-4289-9f28-15b81c6df4ab.jpeg</path>
	<source>
		<database>Unknown</database>
	</source>
	<size>
		<width>448</width>
		<height>673</height>
		<depth>3</depth>
	</size>
	<segmented>0</segmented>
	<object>
		<name>angry</name>
		<pose>Unspecified</pose>
		<truncated>0</truncated>
		<difficult>0</difficult>
		<bndbox>
			<xmin>2</xmin>
			<ymin>40</ymin>
			<xmax>325</xmax>
			<ymax>536</ymax>
		</bndbox>
	</object>
</annotation>
