<annotation>
	<folder>face datasert</folder>
	<filename>a61e3bef-61fd-4042-9f89-fdb3b3a378e0.jpeg</filename>
	<path>C:\Users\Cihan\OneDrive\Masaüstü\facedetect\face datasert\a61e3bef-61fd-4042-9f89-fdb3b3a378e0.jpeg</path>
	<source>
		<database>Unknown</database>
	</source>
	<size>
		<width>400</width>
		<height>495</height>
		<depth>3</depth>
	</size>
	<segmented>0</segmented>
	<object>
		<name>neutral</name>
		<pose>Unspecified</pose>
		<truncated>0</truncated>
		<difficult>0</difficult>
		<bndbox>
			<xmin>97</xmin>
			<ymin>126</ymin>
			<xmax>292</xmax>
			<ymax>318</ymax>
		</bndbox>
	</object>
</annotation>
