<annotation>
	<folder>face datasert</folder>
	<filename>a462f402-450e-42e2-a8c9-edde456dffa6.jpeg</filename>
	<path>C:\Users\Cihan\OneDrive\Masaüstü\facedetect\face datasert\a462f402-450e-42e2-a8c9-edde456dffa6.jpeg</path>
	<source>
		<database>Unknown</database>
	</source>
	<size>
		<width>564</width>
		<height>845</height>
		<depth>3</depth>
	</size>
	<segmented>0</segmented>
	<object>
		<name>neutral</name>
		<pose>Unspecified</pose>
		<truncated>0</truncated>
		<difficult>0</difficult>
		<bndbox>
			<xmin>65</xmin>
			<ymin>322</ymin>
			<xmax>397</xmax>
			<ymax>716</ymax>
		</bndbox>
	</object>
</annotation>
