<annotation>
	<folder>face datasert</folder>
	<filename>a1447ce2-fa43-4506-9d7a-624550da334f.jpeg</filename>
	<path>C:\Users\Cihan\OneDrive\Masaüstü\facedetect\face datasert\a1447ce2-fa43-4506-9d7a-624550da334f.jpeg</path>
	<source>
		<database>Unknown</database>
	</source>
	<size>
		<width>283</width>
		<height>320</height>
		<depth>1</depth>
	</size>
	<segmented>0</segmented>
	<object>
		<name>angry</name>
		<pose>Unspecified</pose>
		<truncated>0</truncated>
		<difficult>0</difficult>
		<bndbox>
			<xmin>65</xmin>
			<ymin>125</ymin>
			<xmax>231</xmax>
			<ymax>308</ymax>
		</bndbox>
	</object>
</annotation>
