<annotation>
	<folder>face datasert</folder>
	<filename>Abdulwahab Alasbahi.jpeg</filename>
	<path>C:\Users\Cihan\OneDrive\Masaüstü\facedetect\face datasert\Abdulwahab Alasbahi.jpeg</path>
	<source>
		<database>Unknown</database>
	</source>
	<size>
		<width>640</width>
		<height>462</height>
		<depth>1</depth>
	</size>
	<segmented>0</segmented>
	<object>
		<name>sad</name>
		<pose>Unspecified</pose>
		<truncated>0</truncated>
		<difficult>0</difficult>
		<bndbox>
			<xmin>311</xmin>
			<ymin>129</ymin>
			<xmax>460</xmax>
			<ymax>292</ymax>
		</bndbox>
	</object>
</annotation>
