<annotation>
	<folder>face datasert</folder>
	<filename>7c95e3bb-1c22-41d1-af01-b45fa5bcb637.jpeg</filename>
	<path>C:\Users\Cihan\OneDrive\Masaüstü\facedetect\face datasert\7c95e3bb-1c22-41d1-af01-b45fa5bcb637.jpeg</path>
	<source>
		<database>Unknown</database>
	</source>
	<size>
		<width>438</width>
		<height>700</height>
		<depth>3</depth>
	</size>
	<segmented>0</segmented>
	<object>
		<name>happy</name>
		<pose>Unspecified</pose>
		<truncated>0</truncated>
		<difficult>0</difficult>
		<bndbox>
			<xmin>39</xmin>
			<ymin>278</ymin>
			<xmax>325</xmax>
			<ymax>556</ymax>
		</bndbox>
	</object>
</annotation>
