<annotation>
	<folder>face datasert</folder>
	<filename>Aesthetic girl.jpeg</filename>
	<path>C:\Users\Cihan\OneDrive\Masaüstü\facedetect\face datasert\Aesthetic girl.jpeg</path>
	<source>
		<database>Unknown</database>
	</source>
	<size>
		<width>1080</width>
		<height>1920</height>
		<depth>3</depth>
	</size>
	<segmented>0</segmented>
	<object>
		<name>neutral</name>
		<pose>Unspecified</pose>
		<truncated>0</truncated>
		<difficult>0</difficult>
		<bndbox>
			<xmin>177</xmin>
			<ymin>506</ymin>
			<xmax>730</xmax>
			<ymax>1100</ymax>
		</bndbox>
	</object>
</annotation>
