<annotation>
	<folder>face datasert</folder>
	<filename>Amazing Smiles.jpeg</filename>
	<path>C:\Users\Cihan\OneDrive\Masaüstü\facedetect\face datasert\Amazing Smiles.jpeg</path>
	<source>
		<database>Unknown</database>
	</source>
	<size>
		<width>300</width>
		<height>408</height>
		<depth>3</depth>
	</size>
	<segmented>0</segmented>
	<object>
		<name>happy</name>
		<pose>Unspecified</pose>
		<truncated>0</truncated>
		<difficult>0</difficult>
		<bndbox>
			<xmin>94</xmin>
			<ymin>112</ymin>
			<xmax>228</xmax>
			<ymax>249</ymax>
		</bndbox>
	</object>
</annotation>
