<annotation>
	<folder>face datasert</folder>
	<filename>An entry from LIVE.jpeg</filename>
	<path>C:\Users\Cihan\OneDrive\Masaüstü\facedetect\face datasert\An entry from LIVE.jpeg</path>
	<source>
		<database>Unknown</database>
	</source>
	<size>
		<width>384</width>
		<height>514</height>
		<depth>3</depth>
	</size>
	<segmented>0</segmented>
	<object>
		<name>happy</name>
		<pose>Unspecified</pose>
		<truncated>0</truncated>
		<difficult>0</difficult>
		<bndbox>
			<xmin>19</xmin>
			<ymin>93</ymin>
			<xmax>343</xmax>
			<ymax>440</ymax>
		</bndbox>
	</object>
</annotation>
