<annotation>
	<folder>face datasert</folder>
	<filename>AN OBJECTIFICATION.jpeg</filename>
	<path>C:\Users\Cihan\OneDrive\Masaüstü\facedetect\face datasert\AN OBJECTIFICATION.jpeg</path>
	<source>
		<database>Unknown</database>
	</source>
	<size>
		<width>1280</width>
		<height>1920</height>
		<depth>3</depth>
	</size>
	<segmented>0</segmented>
	<object>
		<name>neutral</name>
		<pose>Unspecified</pose>
		<truncated>0</truncated>
		<difficult>0</difficult>
		<bndbox>
			<xmin>463</xmin>
			<ymin>370</ymin>
			<xmax>1057</xmax>
			<ymax>1017</ymax>
		</bndbox>
	</object>
</annotation>
