<annotation>
	<folder>face datasert</folder>
	<filename>Anastasia Beverly Hills Is Launching Its First Collection of Powder Bronzers.jpeg</filename>
	<path>C:\Users\Cihan\OneDrive\Masaüstü\facedetect\face datasert\Anastasia Beverly Hills Is Launching Its First Collection of Powder Bronzers.jpeg</path>
	<source>
		<database>Unknown</database>
	</source>
	<size>
		<width>1600</width>
		<height>2400</height>
		<depth>3</depth>
	</size>
	<segmented>0</segmented>
	<object>
		<name>neutral</name>
		<pose>Unspecified</pose>
		<truncated>0</truncated>
		<difficult>0</difficult>
		<bndbox>
			<xmin>183</xmin>
			<ymin>821</ymin>
			<xmax>819</xmax>
			<ymax>1600</ymax>
		</bndbox>
	</object>
</annotation>
