<annotation>
	<folder>face datasert</folder>
	<filename>Angry Face Expression Asian Man,close Up Shot Stock Image - Image of angry, concept_ 137449911.jpeg</filename>
	<path>C:\Users\Cihan\OneDrive\Masaüstü\facedetect\face datasert\Angry Face Expression Asian Man,close Up Shot Stock Image - Image of angry, concept_ 137449911.jpeg</path>
	<source>
		<database>Unknown</database>
	</source>
	<size>
		<width>675</width>
		<height>900</height>
		<depth>3</depth>
	</size>
	<segmented>0</segmented>
	<object>
		<name>angry</name>
		<pose>Unspecified</pose>
		<truncated>0</truncated>
		<difficult>0</difficult>
		<bndbox>
			<xmin>182</xmin>
			<ymin>375</ymin>
			<xmax>553</xmax>
			<ymax>773</ymax>
		</bndbox>
	</object>
</annotation>
