<annotation>
	<folder>face datasert</folder>
	<filename>Angry Faces.jpeg</filename>
	<path>C:\Users\Cihan\OneDrive\Masaüstü\facedetect\face datasert\Angry Faces.jpeg</path>
	<source>
		<database>Unknown</database>
	</source>
	<size>
		<width>566</width>
		<height>850</height>
		<depth>3</depth>
	</size>
	<segmented>0</segmented>
	<object>
		<name>angry</name>
		<pose>Unspecified</pose>
		<truncated>0</truncated>
		<difficult>0</difficult>
		<bndbox>
			<xmin>99</xmin>
			<ymin>253</ymin>
			<xmax>485</xmax>
			<ymax>671</ymax>
		</bndbox>
	</object>
</annotation>
