<annotation>
	<folder>face datasert</folder>
	<filename>Angry man stock image_ Image of business, angry, aged - 11643367.jpeg</filename>
	<path>C:\Users\Cihan\OneDrive\Masaüstü\facedetect\face datasert\Angry man stock image_ Image of business, angry, aged - 11643367.jpeg</path>
	<source>
		<database>Unknown</database>
	</source>
	<size>
		<width>643</width>
		<height>900</height>
		<depth>3</depth>
	</size>
	<segmented>0</segmented>
	<object>
		<name>angry</name>
		<pose>Unspecified</pose>
		<truncated>0</truncated>
		<difficult>0</difficult>
		<bndbox>
			<xmin>349</xmin>
			<ymin>267</ymin>
			<xmax>528</xmax>
			<ymax>498</ymax>
		</bndbox>
	</object>
</annotation>
