<annotation>
	<folder>face datasert</folder>
	<filename>9 Breakout Male Models You're About To See A Lot More Of.jpeg</filename>
	<path>C:\Users\Cihan\OneDrive\Masaüstü\facedetect\face datasert\9 Breakout Male Models You're About To See A Lot More Of.jpeg</path>
	<source>
		<database>Unknown</database>
	</source>
	<size>
		<width>405</width>
		<height>607</height>
		<depth>3</depth>
	</size>
	<segmented>0</segmented>
	<object>
		<name>neutral</name>
		<pose>Unspecified</pose>
		<truncated>0</truncated>
		<difficult>0</difficult>
		<bndbox>
			<xmin>67</xmin>
			<ymin>169</ymin>
			<xmax>339</xmax>
			<ymax>456</ymax>
		</bndbox>
	</object>
</annotation>
