<annotation>
	<folder>face datasert</folder>
	<filename>Angry man stock photo_ Image of face, fighter, mouth, body - 7553746.jpeg</filename>
	<path>C:\Users\Cihan\OneDrive\Masaüstü\facedetect\face datasert\Angry man stock photo_ Image of face, fighter, mouth, body - 7553746.jpeg</path>
	<source>
		<database>Unknown</database>
	</source>
	<size>
		<width>600</width>
		<height>900</height>
		<depth>3</depth>
	</size>
	<segmented>0</segmented>
	<object>
		<name>angry</name>
		<pose>Unspecified</pose>
		<truncated>0</truncated>
		<difficult>0</difficult>
		<bndbox>
			<xmin>235</xmin>
			<ymin>109</ymin>
			<xmax>368</xmax>
			<ymax>281</ymax>
		</bndbox>
	</object>
</annotation>
