<annotation>
	<folder>face datasert</folder>
	<filename>Angry People Think They’re Smarter Than They Are.jpeg</filename>
	<path>C:\Users\Cihan\OneDrive\Masaüstü\facedetect\face datasert\Angry People Think They’re Smarter Than They Are.jpeg</path>
	<source>
		<database>Unknown</database>
	</source>
	<size>
		<width>1616</width>
		<height>1400</height>
		<depth>3</depth>
	</size>
	<segmented>0</segmented>
	<object>
		<name>angry</name>
		<pose>Unspecified</pose>
		<truncated>0</truncated>
		<difficult>0</difficult>
		<bndbox>
			<xmin>705</xmin>
			<ymin>393</ymin>
			<xmax>933</xmax>
			<ymax>669</ymax>
		</bndbox>
	</object>
</annotation>
