<annotation>
	<folder>face datasert</folder>
	<filename>Annoyed face by comicReference on DeviantArt.jpeg</filename>
	<path>C:\Users\Cihan\OneDrive\Masaüstü\facedetect\face datasert\Annoyed face by comicReference on DeviantArt.jpeg</path>
	<source>
		<database>Unknown</database>
	</source>
	<size>
		<width>726</width>
		<height>1101</height>
		<depth>3</depth>
	</size>
	<segmented>0</segmented>
	<object>
		<name>angry</name>
		<pose>Unspecified</pose>
		<truncated>0</truncated>
		<difficult>0</difficult>
		<bndbox>
			<xmin>255</xmin>
			<ymin>400</ymin>
			<xmax>590</xmax>
			<ymax>770</ymax>
		</bndbox>
	</object>
</annotation>
