<annotation>
	<folder>face datasert</folder>
	<filename>Baby, Don't Cry - Jill Greenberg (15 pics).jpeg</filename>
	<path>C:\Users\Cihan\OneDrive\Masaüstü\facedetect\face datasert\Baby, Don't Cry - Jill Greenberg (15 pics).jpeg</path>
	<source>
		<database>Unknown</database>
	</source>
	<size>
		<width>600</width>
		<height>718</height>
		<depth>3</depth>
	</size>
	<segmented>0</segmented>
	<object>
		<name>sad</name>
		<pose>Unspecified</pose>
		<truncated>0</truncated>
		<difficult>0</difficult>
		<bndbox>
			<xmin>170</xmin>
			<ymin>267</ymin>
			<xmax>391</xmax>
			<ymax>496</ymax>
		</bndbox>
	</object>
</annotation>
