<annotation>
	<folder>face datasert</folder>
	<filename>Beautiful Games_ faces of pain.jpeg</filename>
	<path>C:\Users\Cihan\OneDrive\Masaüstü\facedetect\face datasert\Beautiful Games_ faces of pain.jpeg</path>
	<source>
		<database>Unknown</database>
	</source>
	<size>
		<width>600</width>
		<height>480</height>
		<depth>3</depth>
	</size>
	<segmented>0</segmented>
	<object>
		<name>angry</name>
		<pose>Unspecified</pose>
		<truncated>0</truncated>
		<difficult>0</difficult>
		<bndbox>
			<xmin>252</xmin>
			<ymin>50</ymin>
			<xmax>472</xmax>
			<ymax>433</ymax>
		</bndbox>
	</object>
</annotation>
