<annotation>
	<folder>face datasert</folder>
	<filename>Beautiful Neutral Makeup ideas for Summer perfect for any occasion 10.jpeg</filename>
	<path>C:\Users\Cihan\OneDrive\Masaüstü\facedetect\face datasert\Beautiful Neutral Makeup ideas for Summer perfect for any occasion 10.jpeg</path>
	<source>
		<database>Unknown</database>
	</source>
	<size>
		<width>571</width>
		<height>909</height>
		<depth>3</depth>
	</size>
	<segmented>0</segmented>
	<object>
		<name>neutral</name>
		<pose>Unspecified</pose>
		<truncated>0</truncated>
		<difficult>0</difficult>
		<bndbox>
			<xmin>176</xmin>
			<ymin>149</ymin>
			<xmax>546</xmax>
			<ymax>487</ymax>
		</bndbox>
	</object>
</annotation>
