<annotation>
	<folder>face datasert</folder>
	<filename>beautiful-angry-babies.jpeg</filename>
	<path>C:\Users\Cihan\OneDrive\Masaüstü\facedetect\face datasert\beautiful-angry-babies.jpeg</path>
	<source>
		<database>Unknown</database>
	</source>
	<size>
		<width>640</width>
		<height>461</height>
		<depth>1</depth>
	</size>
	<segmented>0</segmented>
	<object>
		<name>angry</name>
		<pose>Unspecified</pose>
		<truncated>0</truncated>
		<difficult>0</difficult>
		<bndbox>
			<xmin>129</xmin>
			<ymin>191</ymin>
			<xmax>404</xmax>
			<ymax>428</ymax>
		</bndbox>
	</object>
</annotation>
