<annotation>
	<folder>face datasert</folder>
	<filename>black and white, photography, fashion, fashion photography, and portrait image inspiration on Designspiration.jpeg</filename>
	<path>C:\Users\Cihan\OneDrive\Masaüstü\facedetect\face datasert\black and white, photography, fashion, fashion photography, and portrait image inspiration on Designspiration.jpeg</path>
	<source>
		<database>Unknown</database>
	</source>
	<size>
		<width>500</width>
		<height>750</height>
		<depth>1</depth>
	</size>
	<segmented>0</segmented>
	<object>
		<name>neutral</name>
		<pose>Unspecified</pose>
		<truncated>0</truncated>
		<difficult>0</difficult>
		<bndbox>
			<xmin>85</xmin>
			<ymin>158</ymin>
			<xmax>407</xmax>
			<ymax>525</ymax>
		</bndbox>
	</object>
</annotation>
