<annotation>
	<folder>face datasert</folder>
	<filename>10 of the best face oils for your skin type.jpeg</filename>
	<path>C:\Users\Cihan\OneDrive\Masaüstü\facedetect\face datasert\10 of the best face oils for your skin type.jpeg</path>
	<source>
		<database>Unknown</database>
	</source>
	<size>
		<width>1900</width>
		<height>2533</height>
		<depth>3</depth>
	</size>
	<segmented>0</segmented>
	<object>
		<name>neutral</name>
		<pose>Unspecified</pose>
		<truncated>1</truncated>
		<difficult>0</difficult>
		<bndbox>
			<xmin>653</xmin>
			<ymin>175</ymin>
			<xmax>1900</xmax>
			<ymax>1947</ymax>
		</bndbox>
	</object>
</annotation>
