<annotation>
	<folder>face datasert</folder>
	<filename>blacknesses are experimental practices.jpeg</filename>
	<path>C:\Users\Cihan\OneDrive\Masaüstü\facedetect\face datasert\blacknesses are experimental practices.jpeg</path>
	<source>
		<database>Unknown</database>
	</source>
	<size>
		<width>705</width>
		<height>1168</height>
		<depth>3</depth>
	</size>
	<segmented>0</segmented>
	<object>
		<name>neutral</name>
		<pose>Unspecified</pose>
		<truncated>0</truncated>
		<difficult>0</difficult>
		<bndbox>
			<xmin>144</xmin>
			<ymin>534</ymin>
			<xmax>577</xmax>
			<ymax>1010</ymax>
		</bndbox>
	</object>
</annotation>
