<annotation>
	<folder>face datasert</folder>
	<filename>BOYS BOYS - Pavel Mazko.jpeg</filename>
	<path>C:\Users\Cihan\OneDrive\Masaüstü\facedetect\face datasert\BOYS BOYS - Pavel Mazko.jpeg</path>
	<source>
		<database>Unknown</database>
	</source>
	<size>
		<width>504</width>
		<height>688</height>
		<depth>1</depth>
	</size>
	<segmented>0</segmented>
	<object>
		<name>neutral</name>
		<pose>Unspecified</pose>
		<truncated>0</truncated>
		<difficult>0</difficult>
		<bndbox>
			<xmin>110</xmin>
			<ymin>277</ymin>
			<xmax>306</xmax>
			<ymax>497</ymax>
		</bndbox>
	</object>
</annotation>
