<annotation>
	<folder>face datasert</folder>
	<filename>boys by girls - Frederik Rasmussen at Premier Model Management for___.jpeg</filename>
	<path>C:\Users\Cihan\OneDrive\Masaüstü\facedetect\face datasert\boys by girls - Frederik Rasmussen at Premier Model Management for___.jpeg</path>
	<source>
		<database>Unknown</database>
	</source>
	<size>
		<width>480</width>
		<height>720</height>
		<depth>1</depth>
	</size>
	<segmented>0</segmented>
	<object>
		<name>neutral</name>
		<pose>Unspecified</pose>
		<truncated>0</truncated>
		<difficult>0</difficult>
		<bndbox>
			<xmin>129</xmin>
			<ymin>265</ymin>
			<xmax>364</xmax>
			<ymax>500</ymax>
		</bndbox>
	</object>
</annotation>
