<annotation>
	<folder>face datasert</folder>
	<filename>cae0b40c-fd77-4ddb-9403-71b9634f8630.jpeg</filename>
	<path>C:\Users\Cihan\OneDrive\Masaüstü\facedetect\face datasert\cae0b40c-fd77-4ddb-9403-71b9634f8630.jpeg</path>
	<source>
		<database>Unknown</database>
	</source>
	<size>
		<width>2048</width>
		<height>2048</height>
		<depth>3</depth>
	</size>
	<segmented>0</segmented>
	<object>
		<name>sad</name>
		<pose>Unspecified</pose>
		<truncated>0</truncated>
		<difficult>0</difficult>
		<bndbox>
			<xmin>841</xmin>
			<ymin>384</ymin>
			<xmax>1662</xmax>
			<ymax>1510</ymax>
		</bndbox>
	</object>
</annotation>
