<annotation>
	<folder>face datasert</folder>
	<filename>Camille Hurel.jpeg</filename>
	<path>C:\Users\Cihan\OneDrive\Masaüstü\facedetect\face datasert\Camille Hurel.jpeg</path>
	<source>
		<database>Unknown</database>
	</source>
	<size>
		<width>328</width>
		<height>488</height>
		<depth>3</depth>
	</size>
	<segmented>0</segmented>
	<object>
		<name>neutral</name>
		<pose>Unspecified</pose>
		<truncated>0</truncated>
		<difficult>0</difficult>
		<bndbox>
			<xmin>32</xmin>
			<ymin>111</ymin>
			<xmax>241</xmax>
			<ymax>359</ymax>
		</bndbox>
	</object>
</annotation>
