<annotation>
	<folder>face datasert</folder>
	<filename>Cara Sposa.jpeg</filename>
	<path>C:\Users\Cihan\OneDrive\Masaüstü\facedetect\face datasert\Cara Sposa.jpeg</path>
	<source>
		<database>Unknown</database>
	</source>
	<size>
		<width>835</width>
		<height>1123</height>
		<depth>3</depth>
	</size>
	<segmented>0</segmented>
	<object>
		<name>happy</name>
		<pose>Unspecified</pose>
		<truncated>0</truncated>
		<difficult>0</difficult>
		<bndbox>
			<xmin>244</xmin>
			<ymin>266</ymin>
			<xmax>642</xmax>
			<ymax>766</ymax>
		</bndbox>
	</object>
</annotation>
