<annotation>
	<folder>face datasert</folder>
	<filename>Carol Guzy, Nikki Kahn and Ricky Carioti of The Washington Post.jpeg</filename>
	<path>C:\Users\Cihan\OneDrive\Masaüstü\facedetect\face datasert\Carol Guzy, Nikki Kahn and Ricky Carioti of The Washington Post.jpeg</path>
	<source>
		<database>Unknown</database>
	</source>
	<size>
		<width>920</width>
		<height>1152</height>
		<depth>3</depth>
	</size>
	<segmented>0</segmented>
	<object>
		<name>sad</name>
		<pose>Unspecified</pose>
		<truncated>1</truncated>
		<difficult>0</difficult>
		<bndbox>
			<xmin>81</xmin>
			<ymin>1</ymin>
			<xmax>868</xmax>
			<ymax>1133</ymax>
		</bndbox>
	</object>
</annotation>
