<annotation>
	<folder>face datasert</folder>
	<filename>Cause I want to ___.jpeg</filename>
	<path>C:\Users\Cihan\OneDrive\Masaüstü\facedetect\face datasert\Cause I want to ___.jpeg</path>
	<source>
		<database>Unknown</database>
	</source>
	<size>
		<width>425</width>
		<height>640</height>
		<depth>3</depth>
	</size>
	<segmented>0</segmented>
	<object>
		<name>sad</name>
		<pose>Unspecified</pose>
		<truncated>0</truncated>
		<difficult>0</difficult>
		<bndbox>
			<xmin>58</xmin>
			<ymin>178</ymin>
			<xmax>355</xmax>
			<ymax>432</ymax>
		</bndbox>
	</object>
</annotation>
