<annotation>
	<folder>face datasert</folder>
	<filename>Charlie Alèvera.jpeg</filename>
	<path>C:\Users\Cihan\OneDrive\Masaüstü\facedetect\face datasert\Charlie Alèvera.jpeg</path>
	<source>
		<database>Unknown</database>
	</source>
	<size>
		<width>1125</width>
		<height>1125</height>
		<depth>3</depth>
	</size>
	<segmented>0</segmented>
	<object>
		<name>neutral</name>
		<pose>Unspecified</pose>
		<truncated>0</truncated>
		<difficult>0</difficult>
		<bndbox>
			<xmin>440</xmin>
			<ymin>291</ymin>
			<xmax>718</xmax>
			<ymax>610</ymax>
		</bndbox>
	</object>
</annotation>
