<annotation>
	<folder>face datasert</folder>
	<filename>11bbdaef-9919-49b3-82a8-11e619a01935.jpeg</filename>
	<path>C:\Users\Cihan\OneDrive\Masaüstü\facedetect\face datasert\11bbdaef-9919-49b3-82a8-11e619a01935.jpeg</path>
	<source>
		<database>Unknown</database>
	</source>
	<size>
		<width>750</width>
		<height>1050</height>
		<depth>3</depth>
	</size>
	<segmented>0</segmented>
	<object>
		<name>neutral</name>
		<pose>Unspecified</pose>
		<truncated>0</truncated>
		<difficult>0</difficult>
		<bndbox>
			<xmin>263</xmin>
			<ymin>292</ymin>
			<xmax>629</xmax>
			<ymax>745</ymax>
		</bndbox>
	</object>
</annotation>
