<annotation>
	<folder>face datasert</folder>
	<filename>Chungha Italia on Twitter.jpeg</filename>
	<path>C:\Users\Cihan\OneDrive\Masaüstü\facedetect\face datasert\Chungha Italia on Twitter.jpeg</path>
	<source>
		<database>Unknown</database>
	</source>
	<size>
		<width>1080</width>
		<height>1606</height>
		<depth>3</depth>
	</size>
	<segmented>0</segmented>
	<object>
		<name>neutral</name>
		<pose>Unspecified</pose>
		<truncated>0</truncated>
		<difficult>0</difficult>
		<bndbox>
			<xmin>164</xmin>
			<ymin>382</ymin>
			<xmax>615</xmax>
			<ymax>994</ymax>
		</bndbox>
	</object>
</annotation>
