<annotation>
	<folder>face datasert</folder>
	<filename>Collection Seven — Gamma Folk.jpeg</filename>
	<path>C:\Users\Cihan\OneDrive\Masaüstü\facedetect\face datasert\Collection Seven — Gamma Folk.jpeg</path>
	<source>
		<database>Unknown</database>
	</source>
	<size>
		<width>500</width>
		<height>750</height>
		<depth>3</depth>
	</size>
	<segmented>0</segmented>
	<object>
		<name>neutral</name>
		<pose>Unspecified</pose>
		<truncated>0</truncated>
		<difficult>0</difficult>
		<bndbox>
			<xmin>122</xmin>
			<ymin>231</ymin>
			<xmax>328</xmax>
			<ymax>474</ymax>
		</bndbox>
	</object>
</annotation>
