<annotation>
	<folder>face datasert</folder>
	<filename>Crying woman featuring woman, cry, and tears.jpeg</filename>
	<path>C:\Users\Cihan\OneDrive\Masaüstü\facedetect\face datasert\Crying woman featuring woman, cry, and tears.jpeg</path>
	<source>
		<database>Unknown</database>
	</source>
	<size>
		<width>1820</width>
		<height>2426</height>
		<depth>3</depth>
	</size>
	<segmented>0</segmented>
	<object>
		<name>sad</name>
		<pose>Unspecified</pose>
		<truncated>0</truncated>
		<difficult>0</difficult>
		<bndbox>
			<xmin>778</xmin>
			<ymin>448</ymin>
			<xmax>1551</xmax>
			<ymax>1298</ymax>
		</bndbox>
	</object>
</annotation>
