<annotation>
	<folder>face datasert</folder>
	<filename>d26aaaca-a925-46c0-9cde-6b5fc69f89ad.jpeg</filename>
	<path>C:\Users\Cihan\OneDrive\Masaüstü\facedetect\face datasert\d26aaaca-a925-46c0-9cde-6b5fc69f89ad.jpeg</path>
	<source>
		<database>Unknown</database>
	</source>
	<size>
		<width>564</width>
		<height>846</height>
		<depth>3</depth>
	</size>
	<segmented>0</segmented>
	<object>
		<name>angry</name>
		<pose>Unspecified</pose>
		<truncated>0</truncated>
		<difficult>0</difficult>
		<bndbox>
			<xmin>155</xmin>
			<ymin>311</ymin>
			<xmax>455</xmax>
			<ymax>654</ymax>
		</bndbox>
	</object>
</annotation>
