<annotation>
	<folder>face datasert</folder>
	<filename>d74d321d-468f-47c3-8b57-01bcaac0896a.jpeg</filename>
	<path>C:\Users\Cihan\OneDrive\Masaüstü\facedetect\face datasert\d74d321d-468f-47c3-8b57-01bcaac0896a.jpeg</path>
	<source>
		<database>Unknown</database>
	</source>
	<size>
		<width>333</width>
		<height>500</height>
		<depth>3</depth>
	</size>
	<segmented>0</segmented>
	<object>
		<name>happy</name>
		<pose>Unspecified</pose>
		<truncated>0</truncated>
		<difficult>0</difficult>
		<bndbox>
			<xmin>75</xmin>
			<ymin>128</ymin>
			<xmax>263</xmax>
			<ymax>336</ymax>
		</bndbox>
	</object>
</annotation>
