<annotation>
	<folder>face datasert</folder>
	<filename>da111bb9-3589-4b65-8f4c-e4c60b3a62c5.jpeg</filename>
	<path>C:\Users\Cihan\OneDrive\Masaüstü\facedetect\face datasert\da111bb9-3589-4b65-8f4c-e4c60b3a62c5.jpeg</path>
	<source>
		<database>Unknown</database>
	</source>
	<size>
		<width>539</width>
		<height>539</height>
		<depth>3</depth>
	</size>
	<segmented>0</segmented>
	<object>
		<name>sad</name>
		<pose>Unspecified</pose>
		<truncated>0</truncated>
		<difficult>0</difficult>
		<bndbox>
			<xmin>163</xmin>
			<ymin>182</ymin>
			<xmax>329</xmax>
			<ymax>369</ymax>
		</bndbox>
	</object>
</annotation>
