<annotation>
	<folder>face datasert</folder>
	<filename>Dear Mommy and Daddy, It's Me Your Anxious Toddler_ Please Read_.jpeg</filename>
	<path>C:\Users\Cihan\OneDrive\Masaüstü\facedetect\face datasert\Dear Mommy and Daddy, It's Me Your Anxious Toddler_ Please Read_.jpeg</path>
	<source>
		<database>Unknown</database>
	</source>
	<size>
		<width>411</width>
		<height>570</height>
		<depth>3</depth>
	</size>
	<segmented>0</segmented>
	<object>
		<name>sad</name>
		<pose>Unspecified</pose>
		<truncated>0</truncated>
		<difficult>0</difficult>
		<bndbox>
			<xmin>130</xmin>
			<ymin>223</ymin>
			<xmax>281</xmax>
			<ymax>421</ymax>
		</bndbox>
	</object>
</annotation>
