<annotation>
	<folder>face datasert</folder>
	<filename>Delia Lupan - BLOWE Magazine, _Dark Matter_.jpeg</filename>
	<path>C:\Users\Cihan\OneDrive\Masaüstü\facedetect\face datasert\Delia Lupan - BLOWE Magazine, _Dark Matter_.jpeg</path>
	<source>
		<database>Unknown</database>
	</source>
	<size>
		<width>600</width>
		<height>800</height>
		<depth>3</depth>
	</size>
	<segmented>0</segmented>
	<object>
		<name>neutral</name>
		<pose>Unspecified</pose>
		<truncated>0</truncated>
		<difficult>0</difficult>
		<bndbox>
			<xmin>125</xmin>
			<ymin>228</ymin>
			<xmax>474</xmax>
			<ymax>602</ymax>
		</bndbox>
	</object>
</annotation>
