<annotation>
	<folder>face datasert</folder>
	<filename>17 Unique Models Who Are Changing The Face Of Beauty.png</filename>
	<path>C:\Users\Cihan\OneDrive\Masaüstü\facedetect\face datasert\17 Unique Models Who Are Changing The Face Of Beauty.png</path>
	<source>
		<database>Unknown</database>
	</source>
	<size>
		<width>700</width>
		<height>980</height>
		<depth>3</depth>
	</size>
	<segmented>0</segmented>
	<object>
		<name>neutral</name>
		<pose>Unspecified</pose>
		<truncated>0</truncated>
		<difficult>0</difficult>
		<bndbox>
			<xmin>201</xmin>
			<ymin>192</ymin>
			<xmax>476</xmax>
			<ymax>491</ymax>
		</bndbox>
	</object>
</annotation>
