<annotation>
	<folder>face datasert</folder>
	<filename>dit is het hoofd van een man waar ik mee ben….jpeg</filename>
	<path>C:\Users\Cihan\OneDrive\Masaüstü\facedetect\face datasert\dit is het hoofd van een man waar ik mee ben….jpeg</path>
	<source>
		<database>Unknown</database>
	</source>
	<size>
		<width>1125</width>
		<height>1688</height>
		<depth>3</depth>
	</size>
	<segmented>0</segmented>
	<object>
		<name>angry</name>
		<pose>Unspecified</pose>
		<truncated>0</truncated>
		<difficult>0</difficult>
		<bndbox>
			<xmin>206</xmin>
			<ymin>599</ymin>
			<xmax>923</xmax>
			<ymax>1388</ymax>
		</bndbox>
	</object>
</annotation>
