<annotation>
	<folder>face datasert</folder>
	<filename>ec3a22a1-94ae-442a-9c43-406c2770c94a.jpeg</filename>
	<path>C:\Users\Cihan\OneDrive\Masaüstü\facedetect\face datasert\ec3a22a1-94ae-442a-9c43-406c2770c94a.jpeg</path>
	<source>
		<database>Unknown</database>
	</source>
	<size>
		<width>670</width>
		<height>980</height>
		<depth>1</depth>
	</size>
	<segmented>0</segmented>
	<object>
		<name>angry</name>
		<pose>Unspecified</pose>
		<truncated>0</truncated>
		<difficult>0</difficult>
		<bndbox>
			<xmin>170</xmin>
			<ymin>254</ymin>
			<xmax>523</xmax>
			<ymax>738</ymax>
		</bndbox>
	</object>
</annotation>
