<annotation>
	<folder>face datasert</folder>
	<filename>EDDIENEWPHOTOGRAPHY.jpeg</filename>
	<path>C:\Users\Cihan\OneDrive\Masaüstü\facedetect\face datasert\EDDIENEWPHOTOGRAPHY.jpeg</path>
	<source>
		<database>Unknown</database>
	</source>
	<size>
		<width>700</width>
		<height>1050</height>
		<depth>1</depth>
	</size>
	<segmented>0</segmented>
	<object>
		<name>happy</name>
		<pose>Unspecified</pose>
		<truncated>0</truncated>
		<difficult>0</difficult>
		<bndbox>
			<xmin>136</xmin>
			<ymin>346</ymin>
			<xmax>443</xmax>
			<ymax>717</ymax>
		</bndbox>
	</object>
</annotation>
