<annotation>
	<folder>face datasert</folder>
	<filename>Emily's contagious laugh.jpeg</filename>
	<path>C:\Users\Cihan\OneDrive\Masaüstü\facedetect\face datasert\Emily's contagious laugh.jpeg</path>
	<source>
		<database>Unknown</database>
	</source>
	<size>
		<width>480</width>
		<height>640</height>
		<depth>3</depth>
	</size>
	<segmented>0</segmented>
	<object>
		<name>happy</name>
		<pose>Unspecified</pose>
		<truncated>0</truncated>
		<difficult>0</difficult>
		<bndbox>
			<xmin>30</xmin>
			<ymin>2</ymin>
			<xmax>323</xmax>
			<ymax>314</ymax>
		</bndbox>
	</object>
</annotation>
