<annotation>
	<folder>face datasert</folder>
	<filename>Encouraging Quotes for when Your Day is Shitty AF ___.jpeg</filename>
	<path>C:\Users\Cihan\OneDrive\Masaüstü\facedetect\face datasert\Encouraging Quotes for when Your Day is Shitty AF ___.jpeg</path>
	<source>
		<database>Unknown</database>
	</source>
	<size>
		<width>1080</width>
		<height>1351</height>
		<depth>3</depth>
	</size>
	<segmented>0</segmented>
	<object>
		<name>neutral</name>
		<pose>Unspecified</pose>
		<truncated>0</truncated>
		<difficult>0</difficult>
		<bndbox>
			<xmin>291</xmin>
			<ymin>309</ymin>
			<xmax>844</xmax>
			<ymax>960</ymax>
		</bndbox>
	</object>
</annotation>
