<annotation>
	<folder>face datasert</folder>
	<filename>F&amp;O Fabforgottennobility.jpeg</filename>
	<path>C:\Users\Cihan\OneDrive\Masaüstü\facedetect\face datasert\F&amp;O Fabforgottennobility.jpeg</path>
	<source>
		<database>Unknown</database>
	</source>
	<size>
		<width>600</width>
		<height>903</height>
		<depth>1</depth>
	</size>
	<segmented>0</segmented>
	<object>
		<name>happy</name>
		<pose>Unspecified</pose>
		<truncated>0</truncated>
		<difficult>0</difficult>
		<bndbox>
			<xmin>109</xmin>
			<ymin>207</ymin>
			<xmax>414</xmax>
			<ymax>593</ymax>
		</bndbox>
	</object>
</annotation>
