<annotation>
	<folder>face datasert</folder>
	<filename>f1f267a1-ac5a-48da-ade9-9ea499767af6.jpeg</filename>
	<path>C:\Users\Cihan\OneDrive\Masaüstü\facedetect\face datasert\f1f267a1-ac5a-48da-ade9-9ea499767af6.jpeg</path>
	<source>
		<database>Unknown</database>
	</source>
	<size>
		<width>427</width>
		<height>640</height>
		<depth>3</depth>
	</size>
	<segmented>0</segmented>
	<object>
		<name>happy</name>
		<pose>Unspecified</pose>
		<truncated>0</truncated>
		<difficult>0</difficult>
		<bndbox>
			<xmin>142</xmin>
			<ymin>250</ymin>
			<xmax>337</xmax>
			<ymax>497</ymax>
		</bndbox>
	</object>
</annotation>
