<annotation>
	<folder>face datasert</folder>
	<filename>f96f5b19-3a96-489c-9d36-6ffeb020f101.jpeg</filename>
	<path>C:\Users\Cihan\OneDrive\Masaüstü\facedetect\face datasert\f96f5b19-3a96-489c-9d36-6ffeb020f101.jpeg</path>
	<source>
		<database>Unknown</database>
	</source>
	<size>
		<width>640</width>
		<height>1136</height>
		<depth>3</depth>
	</size>
	<segmented>0</segmented>
	<object>
		<name>angry</name>
		<pose>Unspecified</pose>
		<truncated>0</truncated>
		<difficult>0</difficult>
		<bndbox>
			<xmin>115</xmin>
			<ymin>385</ymin>
			<xmax>405</xmax>
			<ymax>789</ymax>
		</bndbox>
	</object>
</annotation>
