<annotation>
	<folder>face datasert</folder>
	<filename>Fair of Face by builtbytallsteve on DeviantArt.jpeg</filename>
	<path>C:\Users\Cihan\OneDrive\Masaüstü\facedetect\face datasert\Fair of Face by builtbytallsteve on DeviantArt.jpeg</path>
	<source>
		<database>Unknown</database>
	</source>
	<size>
		<width>648</width>
		<height>864</height>
		<depth>3</depth>
	</size>
	<segmented>0</segmented>
	<object>
		<name>neutral</name>
		<pose>Unspecified</pose>
		<truncated>0</truncated>
		<difficult>0</difficult>
		<bndbox>
			<xmin>197</xmin>
			<ymin>353</ymin>
			<xmax>522</xmax>
			<ymax>709</ymax>
		</bndbox>
	</object>
</annotation>
