<annotation>
	<folder>face datasert</folder>
	<filename>Film Hall.png</filename>
	<path>C:\Users\Cihan\OneDrive\Masaüstü\facedetect\face datasert\Film Hall.png</path>
	<source>
		<database>Unknown</database>
	</source>
	<size>
		<width>574</width>
		<height>739</height>
		<depth>3</depth>
	</size>
	<segmented>0</segmented>
	<object>
		<name>sad</name>
		<pose>Unspecified</pose>
		<truncated>0</truncated>
		<difficult>0</difficult>
		<bndbox>
			<xmin>129</xmin>
			<ymin>203</ymin>
			<xmax>392</xmax>
			<ymax>514</ymax>
		</bndbox>
	</object>
</annotation>
