<annotation>
	<folder>face datasert</folder>
	<filename>18 Photos Of Men Crying That Challenge Gender Norms.jpeg</filename>
	<path>C:\Users\Cihan\OneDrive\Masaüstü\facedetect\face datasert\18 Photos Of Men Crying That Challenge Gender Norms.jpeg</path>
	<source>
		<database>Unknown</database>
	</source>
	<size>
		<width>474</width>
		<height>711</height>
		<depth>3</depth>
	</size>
	<segmented>0</segmented>
	<object>
		<name>sad</name>
		<pose>Unspecified</pose>
		<truncated>0</truncated>
		<difficult>0</difficult>
		<bndbox>
			<xmin>142</xmin>
			<ymin>260</ymin>
			<xmax>353</xmax>
			<ymax>487</ymax>
		</bndbox>
	</object>
</annotation>
