<annotation>
	<folder>face datasert</folder>
	<filename>Finger Length Predicts Speed, Aggression, Smarts, Motivation.jpeg</filename>
	<path>C:\Users\Cihan\OneDrive\Masaüstü\facedetect\face datasert\Finger Length Predicts Speed, Aggression, Smarts, Motivation.jpeg</path>
	<source>
		<database>Unknown</database>
	</source>
	<size>
		<width>650</width>
		<height>458</height>
		<depth>3</depth>
	</size>
	<segmented>0</segmented>
	<object>
		<name>angry</name>
		<pose>Unspecified</pose>
		<truncated>0</truncated>
		<difficult>0</difficult>
		<bndbox>
			<xmin>212</xmin>
			<ymin>174</ymin>
			<xmax>413</xmax>
			<ymax>413</ymax>
		</bndbox>
	</object>
</annotation>
