<annotation>
	<folder>face datasert</folder>
	<filename>Flavorwire.jpeg</filename>
	<path>C:\Users\Cihan\OneDrive\Masaüstü\facedetect\face datasert\Flavorwire.jpeg</path>
	<source>
		<database>Unknown</database>
	</source>
	<size>
		<width>585</width>
		<height>779</height>
		<depth>3</depth>
	</size>
	<segmented>0</segmented>
	<object>
		<name>happy</name>
		<pose>Unspecified</pose>
		<truncated>0</truncated>
		<difficult>0</difficult>
		<bndbox>
			<xmin>119</xmin>
			<ymin>206</ymin>
			<xmax>467</xmax>
			<ymax>627</ymax>
		</bndbox>
	</object>
</annotation>
