<annotation>
	<folder>face datasert</folder>
	<filename>Frames of Summer_ Arthur Gosse Dons Chic Mango Man Styles – The Fashionisto.jpeg</filename>
	<path>C:\Users\Cihan\OneDrive\Masaüstü\facedetect\face datasert\Frames of Summer_ Arthur Gosse Dons Chic Mango Man Styles – The Fashionisto.jpeg</path>
	<source>
		<database>Unknown</database>
	</source>
	<size>
		<width>800</width>
		<height>1057</height>
		<depth>3</depth>
	</size>
	<segmented>0</segmented>
	<object>
		<name>neutral</name>
		<pose>Unspecified</pose>
		<truncated>0</truncated>
		<difficult>0</difficult>
		<bndbox>
			<xmin>297</xmin>
			<ymin>162</ymin>
			<xmax>581</xmax>
			<ymax>539</ymax>
		</bndbox>
	</object>
</annotation>
