<annotation>
	<folder>face datasert</folder>
	<filename>Gorgeous Neutral Makeup ideas For Any Occasion.jpeg</filename>
	<path>C:\Users\Cihan\OneDrive\Masaüstü\facedetect\face datasert\Gorgeous Neutral Makeup ideas For Any Occasion.jpeg</path>
	<source>
		<database>Unknown</database>
	</source>
	<size>
		<width>567</width>
		<height>785</height>
		<depth>3</depth>
	</size>
	<segmented>0</segmented>
	<object>
		<name>neutral</name>
		<pose>Unspecified</pose>
		<truncated>0</truncated>
		<difficult>0</difficult>
		<bndbox>
			<xmin>116</xmin>
			<ymin>207</ymin>
			<xmax>453</xmax>
			<ymax>600</ymax>
		</bndbox>
	</object>
</annotation>
