<annotation>
	<folder>face datasert</folder>
	<filename>Highly Detail Portrait Young Good Looking Stock Photo 111564596 _ Shutterstock.jpeg</filename>
	<path>C:\Users\Cihan\OneDrive\Masaüstü\facedetect\face datasert\Highly Detail Portrait Young Good Looking Stock Photo 111564596 _ Shutterstock.jpeg</path>
	<source>
		<database>Unknown</database>
	</source>
	<size>
		<width>300</width>
		<height>470</height>
		<depth>3</depth>
	</size>
	<segmented>0</segmented>
	<object>
		<name>neutral</name>
		<pose>Unspecified</pose>
		<truncated>0</truncated>
		<difficult>0</difficult>
		<bndbox>
			<xmin>94</xmin>
			<ymin>129</ymin>
			<xmax>217</xmax>
			<ymax>262</ymax>
		</bndbox>
	</object>
</annotation>
