<annotation>
	<folder>face datasert</folder>
	<filename>hoge.jpeg</filename>
	<path>C:\Users\Cihan\OneDrive\Masaüstü\facedetect\face datasert\hoge.jpeg</path>
	<source>
		<database>Unknown</database>
	</source>
	<size>
		<width>427</width>
		<height>640</height>
		<depth>1</depth>
	</size>
	<segmented>0</segmented>
	<object>
		<name>happy</name>
		<pose>Unspecified</pose>
		<truncated>0</truncated>
		<difficult>0</difficult>
		<bndbox>
			<xmin>293</xmin>
			<ymin>295</ymin>
			<xmax>356</xmax>
			<ymax>379</ymax>
		</bndbox>
	</object>
	<object>
		<name>happy</name>
		<pose>Unspecified</pose>
		<truncated>0</truncated>
		<difficult>0</difficult>
		<bndbox>
			<xmin>321</xmin>
			<ymin>187</ymin>
			<xmax>376</xmax>
			<ymax>248</ymax>
		</bndbox>
	</object>
	<object>
		<name>happy</name>
		<pose>Unspecified</pose>
		<truncated>0</truncated>
		<difficult>0</difficult>
		<bndbox>
			<xmin>253</xmin>
			<ymin>69</ymin>
			<xmax>308</xmax>
			<ymax>140</ymax>
		</bndbox>
	</object>
	<object>
		<name>happy</name>
		<pose>Unspecified</pose>
		<truncated>0</truncated>
		<difficult>0</difficult>
		<bndbox>
			<xmin>158</xmin>
			<ymin>169</ymin>
			<xmax>222</xmax>
			<ymax>238</ymax>
		</bndbox>
	</object>
	<object>
		<name>happy</name>
		<pose>Unspecified</pose>
		<truncated>0</truncated>
		<difficult>0</difficult>
		<bndbox>
			<xmin>209</xmin>
			<ymin>284</ymin>
			<xmax>273</xmax>
			<ymax>349</ymax>
		</bndbox>
	</object>
	<object>
		<name>happy</name>
		<pose>Unspecified</pose>
		<truncated>0</truncated>
		<difficult>0</difficult>
		<bndbox>
			<xmin>88</xmin>
			<ymin>55</ymin>
			<xmax>126</xmax>
			<ymax>111</ymax>
		</bndbox>
	</object>
</annotation>
