<annotation>
	<folder>face datasert</folder>
	<filename>hops 2.jpeg</filename>
	<path>C:\Users\Cihan\OneDrive\Masaüstü\facedetect\face datasert\hops 2.jpeg</path>
	<source>
		<database>Unknown</database>
	</source>
	<size>
		<width>333</width>
		<height>500</height>
		<depth>1</depth>
	</size>
	<segmented>0</segmented>
	<object>
		<name>happy</name>
		<pose>Unspecified</pose>
		<truncated>0</truncated>
		<difficult>0</difficult>
		<bndbox>
			<xmin>33</xmin>
			<ymin>82</ymin>
			<xmax>157</xmax>
			<ymax>256</ymax>
		</bndbox>
	</object>
	<object>
		<name>happy</name>
		<pose>Unspecified</pose>
		<truncated>0</truncated>
		<difficult>0</difficult>
		<bndbox>
			<xmin>158</xmin>
			<ymin>155</ymin>
			<xmax>267</xmax>
			<ymax>274</ymax>
		</bndbox>
	</object>
</annotation>
