<annotation>
	<folder>face datasert</folder>
	<filename>İCON.jpeg</filename>
	<path>C:\Users\Cihan\OneDrive\Masaüstü\facedetect\face datasert\İCON.jpeg</path>
	<source>
		<database>Unknown</database>
	</source>
	<size>
		<width>735</width>
		<height>817</height>
		<depth>3</depth>
	</size>
	<segmented>0</segmented>
	<object>
		<name>sad</name>
		<pose>Unspecified</pose>
		<truncated>0</truncated>
		<difficult>0</difficult>
		<bndbox>
			<xmin>174</xmin>
			<ymin>205</ymin>
			<xmax>486</xmax>
			<ymax>621</ymax>
		</bndbox>
	</object>
</annotation>
