<annotation>
	<folder>face datasert</folder>
	<filename>IMG_2820.jpeg</filename>
	<path>C:\Users\Cihan\OneDrive\Masaüstü\facedetect\face datasert\IMG_2820.jpeg</path>
	<source>
		<database>Unknown</database>
	</source>
	<size>
		<width>427</width>
		<height>640</height>
		<depth>3</depth>
	</size>
	<segmented>0</segmented>
	<object>
		<name>happy</name>
		<pose>Unspecified</pose>
		<truncated>0</truncated>
		<difficult>0</difficult>
		<bndbox>
			<xmin>93</xmin>
			<ymin>188</ymin>
			<xmax>288</xmax>
			<ymax>385</ymax>
		</bndbox>
	</object>
</annotation>
