<annotation>
	<folder>face datasert</folder>
	<filename>32 Glamorous Makeup Ideas For Any Occasion – prettiest no-makeup.jpeg</filename>
	<path>C:\Users\Cihan\OneDrive\Masaüstü\facedetect\face datasert\32 Glamorous Makeup Ideas For Any Occasion – prettiest no-makeup.jpeg</path>
	<source>
		<database>Unknown</database>
	</source>
	<size>
		<width>567</width>
		<height>1014</height>
		<depth>3</depth>
	</size>
	<segmented>0</segmented>
	<object>
		<name>neutral</name>
		<pose>Unspecified</pose>
		<truncated>0</truncated>
		<difficult>0</difficult>
		<bndbox>
			<xmin>130</xmin>
			<ymin>321</ymin>
			<xmax>521</xmax>
			<ymax>749</ymax>
		</bndbox>
	</object>
</annotation>
