<annotation>
	<folder>face datasert</folder>
	<filename>Interesting and expressive faces.jpeg</filename>
	<path>C:\Users\Cihan\OneDrive\Masaüstü\facedetect\face datasert\Interesting and expressive faces.jpeg</path>
	<source>
		<database>Unknown</database>
	</source>
	<size>
		<width>640</width>
		<height>640</height>
		<depth>3</depth>
	</size>
	<segmented>0</segmented>
	<object>
		<name>happy</name>
		<pose>Unspecified</pose>
		<truncated>0</truncated>
		<difficult>0</difficult>
		<bndbox>
			<xmin>123</xmin>
			<ymin>19</ymin>
			<xmax>517</xmax>
			<ymax>450</ymax>
		</bndbox>
	</object>
</annotation>
