<annotation>
	<folder>face datasert</folder>
	<filename>January2012 (1 of 1)-11.jpeg</filename>
	<path>C:\Users\Cihan\OneDrive\Masaüstü\facedetect\face datasert\January2012 (1 of 1)-11.jpeg</path>
	<source>
		<database>Unknown</database>
	</source>
	<size>
		<width>424</width>
		<height>640</height>
		<depth>1</depth>
	</size>
	<segmented>0</segmented>
	<object>
		<name>happy</name>
		<pose>Unspecified</pose>
		<truncated>0</truncated>
		<difficult>0</difficult>
		<bndbox>
			<xmin>64</xmin>
			<ymin>220</ymin>
			<xmax>343</xmax>
			<ymax>544</ymax>
		</bndbox>
	</object>
</annotation>
