<annotation>
	<folder>face datasert</folder>
	<filename>Jocelyn Brown	Google Image Result for….jpeg</filename>
	<path>C:\Users\Cihan\OneDrive\Masaüstü\facedetect\face datasert\Jocelyn Brown	Google Image Result for….jpeg</path>
	<source>
		<database>Unknown</database>
	</source>
	<size>
		<width>394</width>
		<height>409</height>
		<depth>1</depth>
	</size>
	<segmented>0</segmented>
	<object>
		<name>happy</name>
		<pose>Unspecified</pose>
		<truncated>0</truncated>
		<difficult>0</difficult>
		<bndbox>
			<xmin>102</xmin>
			<ymin>71</ymin>
			<xmax>253</xmax>
			<ymax>281</ymax>
		</bndbox>
	</object>
</annotation>
