<annotation>
	<folder>face datasert</folder>
	<filename>justdropithere.jpeg</filename>
	<path>C:\Users\Cihan\OneDrive\Masaüstü\facedetect\face datasert\justdropithere.jpeg</path>
	<source>
		<database>Unknown</database>
	</source>
	<size>
		<width>540</width>
		<height>719</height>
		<depth>3</depth>
	</size>
	<segmented>0</segmented>
	<object>
		<name>neutral</name>
		<pose>Unspecified</pose>
		<truncated>0</truncated>
		<difficult>0</difficult>
		<bndbox>
			<xmin>156</xmin>
			<ymin>237</ymin>
			<xmax>377</xmax>
			<ymax>488</ymax>
		</bndbox>
	</object>
</annotation>
