<annotation>
	<folder>face datasert</folder>
	<filename>Kenyan Character.jpeg</filename>
	<path>C:\Users\Cihan\OneDrive\Masaüstü\facedetect\face datasert\Kenyan Character.jpeg</path>
	<source>
		<database>Unknown</database>
	</source>
	<size>
		<width>425</width>
		<height>640</height>
		<depth>3</depth>
	</size>
	<segmented>0</segmented>
	<object>
		<name>happy</name>
		<pose>Unspecified</pose>
		<truncated>0</truncated>
		<difficult>0</difficult>
		<bndbox>
			<xmin>121</xmin>
			<ymin>193</ymin>
			<xmax>277</xmax>
			<ymax>378</ymax>
		</bndbox>
	</object>
</annotation>
