<annotation>
	<folder>face datasert</folder>
	<filename>KOMMAAR (1).jpeg</filename>
	<path>C:\Users\Cihan\OneDrive\Masaüstü\facedetect\face datasert\KOMMAAR (1).jpeg</path>
	<source>
		<database>Unknown</database>
	</source>
	<size>
		<width>333</width>
		<height>500</height>
		<depth>3</depth>
	</size>
	<segmented>0</segmented>
	<object>
		<name>happy</name>
		<pose>Unspecified</pose>
		<truncated>0</truncated>
		<difficult>0</difficult>
		<bndbox>
			<xmin>86</xmin>
			<ymin>99</ymin>
			<xmax>241</xmax>
			<ymax>353</ymax>
		</bndbox>
	</object>
</annotation>
