<annotation>
	<folder>face datasert</folder>
	<filename>KOMMAAR.jpeg</filename>
	<path>C:\Users\Cihan\OneDrive\Masaüstü\facedetect\face datasert\KOMMAAR.jpeg</path>
	<source>
		<database>Unknown</database>
	</source>
	<size>
		<width>341</width>
		<height>512</height>
		<depth>3</depth>
	</size>
	<segmented>0</segmented>
	<object>
		<name>happy</name>
		<pose>Unspecified</pose>
		<truncated>0</truncated>
		<difficult>0</difficult>
		<bndbox>
			<xmin>52</xmin>
			<ymin>186</ymin>
			<xmax>149</xmax>
			<ymax>332</ymax>
		</bndbox>
	</object>
</annotation>
