<annotation>
	<folder>face datasert</folder>
	<filename>Kratos Angry Eyes God Of War 4 Wallpapers _ hdqwalls_com.jpeg</filename>
	<path>C:\Users\Cihan\OneDrive\Masaüstü\facedetect\face datasert\Kratos Angry Eyes God Of War 4 Wallpapers _ hdqwalls_com.jpeg</path>
	<source>
		<database>Unknown</database>
	</source>
	<size>
		<width>1125</width>
		<height>2436</height>
		<depth>3</depth>
	</size>
	<segmented>0</segmented>
	<object>
		<name>angry</name>
		<pose>Unspecified</pose>
		<truncated>0</truncated>
		<difficult>0</difficult>
		<bndbox>
			<xmin>138</xmin>
			<ymin>747</ymin>
			<xmax>1020</xmax>
			<ymax>1730</ymax>
		</bndbox>
	</object>
</annotation>
