<annotation>
	<folder>face datasert</folder>
	<filename>Laughter and Having Fun is Good for Our Health – Weekly Health Scripture – Proverbs 17_22.jpeg</filename>
	<path>C:\Users\Cihan\OneDrive\Masaüstü\facedetect\face datasert\Laughter and Having Fun is Good for Our Health – Weekly Health Scripture – Proverbs 17_22.jpeg</path>
	<source>
		<database>Unknown</database>
	</source>
	<size>
		<width>600</width>
		<height>744</height>
		<depth>3</depth>
	</size>
	<segmented>0</segmented>
	<object>
		<name>happy</name>
		<pose>Unspecified</pose>
		<truncated>0</truncated>
		<difficult>0</difficult>
		<bndbox>
			<xmin>227</xmin>
			<ymin>203</ymin>
			<xmax>421</xmax>
			<ymax>422</ymax>
		</bndbox>
	</object>
</annotation>
